itm_no_item|INVALID ITEM
itm_no_item_pl|INVALID ITEM
itm_tutorial_spear|Mızrak
itm_tutorial_spear_pl|Mızrak
itm_tutorial_club|Sopa
itm_tutorial_club_pl|Sopa
itm_tutorial_battle_axe|Savaş Baltası
itm_tutorial_battle_axe_pl|Savaş Baltası
itm_tutorial_arrows|Oklar
itm_tutorial_arrows_pl|Oklar
itm_tutorial_bolts|Kundak oku
itm_tutorial_bolts_pl|Kundak oku
itm_tutorial_short_bow|Kısa Yay
itm_tutorial_short_bow_pl|Kısa Yay
itm_tutorial_crossbow|Kundaklı Yay
itm_tutorial_crossbow_pl|Kundaklı Yay
itm_tutorial_throwing_daggers|Fırlatma Hançeri
itm_tutorial_throwing_daggers_pl|Fırlatma Hançeri
itm_tutorial_saddle_horse|Binek Atı
itm_tutorial_saddle_horse_pl|Binek Atı
itm_tutorial_shield|İstavroz Kalkan
itm_tutorial_shield_pl|İstavroz Kalkan
itm_tutorial_staff_no_attack|Asa
itm_tutorial_staff_no_attack_pl|Asa
itm_tutorial_staff|Asa
itm_tutorial_staff_pl|Asa
itm_tutorial_sword|Kılıç
itm_tutorial_sword_pl|Kılıç
itm_tutorial_axe|Balta
itm_tutorial_axe_pl|Balta
itm_tutorial_dagger|Hançer
itm_tutorial_dagger_pl|Hançer
itm_horse_meat|At Eti
itm_horse_meat_pl|At Eti
itm_practice_sword|Talim Kılıcı
itm_practice_sword_pl|Talim Kılıcı
itm_heavy_practice_sword|Ağır Talim Kılıcı
itm_heavy_practice_sword_pl|Ağır Talim Kılıcı
itm_practice_dagger|Talim Hançeri
itm_practice_dagger_pl|Talim Hançeri
itm_practice_axe|Talim Baltası
itm_practice_axe_pl|Talim Baltası
itm_arena_axe|Balta
itm_arena_axe_pl|Balta
itm_arena_sword|Kılıç
itm_arena_sword_pl|Kılıç
itm_arena_sword_two_handed|Çift Elli Kılıç
itm_arena_sword_two_handed_pl|Çift Elli Kılıç
itm_arena_lance|Kargı
itm_arena_lance_pl|Kargı
itm_practice_staff|Talim Sopası
itm_practice_staff_pl|Talim Sopası
itm_practice_lance|Talim Kargısı
itm_practice_lance_pl|Talim Kargısı
itm_practice_shield|Talim Kalkanı
itm_practice_shield_pl|Talim Kalkanı
itm_practice_bow|Talim Yayı
itm_practice_bow_pl|Talim Yayı
itm_practice_crossbow|Talim Kundaklı Yayı
itm_practice_crossbow_pl|Talim Kundaklı Yayı
itm_practice_javelin|Talim Cidası
itm_practice_javelin_pl|Talim Cidası
itm_practice_javelin_melee|Cirit talimi yap
itm_practice_javelin_melee_pl|Cirit talimi yap
itm_practice_throwing_daggers|Fırlatma Hançeri
itm_practice_throwing_daggers_pl|Fırlatma Hançeri
itm_practice_throwing_daggers_100_amount|Fırlatma Hançeri
itm_practice_throwing_daggers_100_amount_pl|Fırlatma Hançeri
itm_practice_horse|Talim Atı
itm_practice_horse_pl|Talim Atı
itm_practice_arrows|Talim Oku
itm_practice_arrows_pl|Talim Oku
itm_practice_bolts|Talim Kısa Oku
itm_practice_bolts_pl|Talim Kısa Oku
itm_practice_arrows_10_amount|Talim Oku
itm_practice_arrows_10_amount_pl|Talim Oku
itm_practice_arrows_100_amount|Talim Oku
itm_practice_arrows_100_amount_pl|Talim Oku
itm_practice_bolts_9_amount|Talim Kısa Oku
itm_practice_bolts_9_amount_pl|Talim Kısa Oku
itm_practice_boots|Talim Kısa Oku
itm_practice_boots_pl|Talim Kısa Oku
itm_red_tourney_armor|Kırmızı Turnuva Zırhı
itm_red_tourney_armor_pl|Kırmızı Turnuva Zırhı
itm_blue_tourney_armor|Mavi Turnuva Zırhı
itm_blue_tourney_armor_pl|Mavi Turnuva Zırhı
itm_green_tourney_armor|Yeşil Turnuva Zırhı
itm_green_tourney_armor_pl|Yeşil Turnuva Zırhı
itm_gold_tourney_armor|Sarı Turnuva Zırhı
itm_gold_tourney_armor_pl|Sarı Turnuva Zırhı
itm_red_tourney_helmet|Kırmızı Turnuva Miğferi
itm_red_tourney_helmet_pl|Kırmızı Turnuva Miğferi
itm_blue_tourney_helmet|Mavi Turnuva Miğferi
itm_blue_tourney_helmet_pl|Mavi Turnuva Miğferi
itm_green_tourney_helmet|Yeşil Turnuva Miğferi
itm_green_tourney_helmet_pl|Yeşil Turnuva Miğferi
itm_gold_tourney_helmet|Sarı Turnuva Miğferi
itm_gold_tourney_helmet_pl|Sarı Turnuva Miğferi
itm_arena_shield_red|Kalkan
itm_arena_shield_red_pl|Kalkan
itm_arena_shield_blue|Kalkan
itm_arena_shield_blue_pl|Kalkan
itm_arena_shield_green|Kalkan
itm_arena_shield_green_pl|Kalkan
itm_arena_shield_yellow|Kalkan
itm_arena_shield_yellow_pl|Kalkan
itm_arena_armor_white|Beyaz Arena Zırhı
itm_arena_armor_white_pl|Beyaz Arena Zırhı
itm_arena_armor_red|Kırmızı Arena Zırhı
itm_arena_armor_red_pl|Kırmızı Arena Zırhı
itm_arena_armor_blue|Mavi Arena Zırhı
itm_arena_armor_blue_pl|Mavi Arena Zırhı
itm_arena_armor_green|Yeşil Arena Zırhı
itm_arena_armor_green_pl|Yeşil Arena Zırhı
itm_arena_armor_yellow|Sarı Arena Zırhı
itm_arena_armor_yellow_pl|Sarı Arena Zırhı
itm_arena_tunic_white|Beyaz Arena Tuniği
itm_arena_tunic_white_pl|Beyaz Arena Tuniği
itm_arena_tunic_red|Kırmızı Arena Tuniği
itm_arena_tunic_red_pl|Kırmızı Arena Tuniği
itm_arena_tunic_blue|Mavi Arena Tuniği
itm_arena_tunic_blue_pl|Mavi Arena Tuniği
itm_arena_tunic_green|Yeşil Arena Tuniği
itm_arena_tunic_green_pl|Yeşil Arena Tuniği
itm_arena_tunic_yellow|Sarı Arena Tuniği
itm_arena_tunic_yellow_pl|Sarı Arena Tuniği
itm_arena_helmet_red|Kırmızı Arena Miğferi
itm_arena_helmet_red_pl|Kırmızı Arena Miğferi
itm_arena_helmet_blue|Mavi Arena Miğferi
itm_arena_helmet_blue_pl|Mavi Arena Miğferi
itm_arena_helmet_green|Yeşil Arena Miğferi
itm_arena_helmet_green_pl|Yeşil Arena Miğferi
itm_arena_helmet_yellow|Sarı Arena Miğferi
itm_arena_helmet_yellow_pl|Sarı Arena Miğferi
itm_steppe_helmet_white|Beyaz Bozkır Miğferi
itm_steppe_helmet_white_pl|Beyaz Bozkır Miğferi
itm_steppe_helmet_red|Kırmızı Bozkır Miğferi
itm_steppe_helmet_red_pl|Kırmızı Bozkır Miğferi
itm_steppe_helmet_blue|Mavi Bozkır Miğferi
itm_steppe_helmet_blue_pl|Mavi Bozkır Miğferi
itm_steppe_helmet_green|Yeşil Bozkır Miğferi
itm_steppe_helmet_green_pl|Yeşil Bozkır Miğferi
itm_steppe_helmet_yellow|Sarı Bozkır Miğferi
itm_steppe_helmet_yellow_pl|Sarı Bozkır Miğferi
itm_tourney_helm_white|Beyaz Turnuva Miğferi
itm_tourney_helm_white_pl|Beyaz Turnuva Miğferi
itm_tourney_helm_red|Kırmızı Turnuva Miğferi
itm_tourney_helm_red_pl|Kırmızı Turnuva Miğferi
itm_tourney_helm_blue|Mavi Turnuva Miğferi
itm_tourney_helm_blue_pl|Mavi Turnuva Miğferi
itm_tourney_helm_green|Yeşil Turnuva Miğferi
itm_tourney_helm_green_pl|Yeşil Turnuva Miğferi
itm_tourney_helm_yellow|Sarı Turnuva Miğferi
itm_tourney_helm_yellow_pl|Sarı Turnuva Miğferi
itm_arena_turban_red|Arena Sarığı
itm_arena_turban_red_pl|Arena Sarığı
itm_arena_turban_blue|Arena Sarığı
itm_arena_turban_blue_pl|Arena Sarığı
itm_arena_turban_green|Arena Sarığı
itm_arena_turban_green_pl|Arena Sarığı
itm_arena_turban_yellow|Arena Sarığı
itm_arena_turban_yellow_pl|Arena Sarığı
itm_book_tactics|De Re Militari
itm_book_tactics_pl|De Re Militari
itm_book_persuasion|Rhetorica ad Herennium
itm_book_persuasion_pl|Rhetorica ad Herennium
itm_book_leadership|Büyük Alixenus'un Hayatı
itm_book_leadership_pl|Büyük Alixenus'un Hayatı
itm_book_intelligence|Mantık üzerine Denemeler
itm_book_intelligence_pl|Mantık üzerine Denemeler
itm_book_trade|Nesnelerin Değeri üstüne bir Tez
itm_book_trade_pl|Nesnelerin Değeri üstüne bir Tez
itm_book_weapon_mastery|Kılıçlarla Savaşma Sanatı üzerine
itm_book_weapon_mastery_pl|Kılıçlarla Savaşma Sanatı üzerine
itm_book_engineering|Mekanik Teoremler Metodu
itm_book_engineering_pl|Mekanik Teoremler Metodu
itm_book_wound_treatment_reference|Şifalar Kitabı
itm_book_wound_treatment_reference_pl|Şifalar Kitabı
itm_book_training_reference|Silahlar Kitapçığı
itm_book_training_reference_pl|Silahlar Kitapçığı
itm_book_surgery_reference|Büyük Cerrahlık Kitabı
itm_book_surgery_reference_pl|Büyük Cerrahlık Kitabı
itm_spice|Baharat
itm_spice_pl|Baharat
itm_salt|Tuz
itm_salt_pl|Tuz
itm_oil|Yağ
itm_oil_pl|Yağ
itm_pottery|Çömlek
itm_pottery_pl|Çömlek
itm_raw_flax|Keten bohçası
itm_raw_flax_pl|Keten bohçası
itm_linen|Keten
itm_linen_pl|Keten
itm_wool|Yün
itm_wool_pl|Yün
itm_wool_cloth|Pamuk kumaş
itm_wool_cloth_pl|Pamuk kumaş
itm_raw_silk|Ham ipek
itm_raw_silk_pl|Ham ipek
itm_raw_dyes|İplik boyası
itm_raw_dyes_pl|İplik boyası
itm_velvet|Kadife
itm_velvet_pl|Kadife
itm_iron|Demir
itm_iron_pl|Demir
itm_tools|Aletler
itm_tools_pl|Aletler
itm_raw_leather|Deri
itm_raw_leather_pl|Deri
itm_leatherwork|İşlenmiş Deri
itm_leatherwork_pl|İşlenmiş Deri
itm_raw_date_fruit|Hurma
itm_raw_date_fruit_pl|Hurma
itm_furs|Kürk
itm_furs_pl|Kürk
itm_wine|Şarap
itm_wine_pl|Şarap
itm_ale|Bira
itm_ale_pl|Bira
itm_smoked_fish|Tütsülenmiş Balık
itm_smoked_fish_pl|Tütsülenmiş Balık
itm_cheese|Peynir
itm_cheese_pl|Peynir
itm_honey|Bal
itm_honey_pl|Bal
itm_sausages|Sosis
itm_sausages_pl|Sosis
itm_cabbages|Lahana
itm_cabbages_pl|Lahana
itm_dried_meat|Kurutulmuş Et
itm_dried_meat_pl|Kurutulmuş Et
itm_apples|Elma
itm_apples_pl|Elma
itm_raw_grapes|Üzüm
itm_raw_grapes_pl|Üzüm
itm_raw_olives|Zeytin
itm_raw_olives_pl|Zeytin
itm_grain|Tahıl
itm_grain_pl|Tahıl
itm_cattle_meat|Sığır Eti
itm_cattle_meat_pl|Sığır Eti
itm_bread|Ekmek
itm_bread_pl|Ekmek
itm_chicken|Tavuk
itm_chicken_pl|Tavuk
itm_pork|Domuz Eti
itm_pork_pl|Domuz Eti
itm_butter|Tereyağ
itm_butter_pl|Tereyağ
itm_siege_supply|Erzak
itm_siege_supply_pl|Erzak
itm_quest_wine|Şarap
itm_quest_wine_pl|Şarap
itm_quest_ale|Bira
itm_quest_ale_pl|Bira
itm_tutorial_sword|Kılıç
itm_tutorial_sword_pl|Kılıç
itm_tutorial_axe|Balta
itm_tutorial_axe_pl|Balta
itm_tutorial_spear|Mızrak
itm_tutorial_spear_pl|Mızrak
itm_tutorial_club|Sopa
itm_tutorial_club_pl|Sopa
itm_tutorial_battle_axe|Savaş Baltası
itm_tutorial_battle_axe_pl|Savaş Baltası
itm_tutorial_arrows|Oklar
itm_tutorial_arrows_pl|Oklar
itm_tutorial_bolts|Kundak oku
itm_tutorial_bolts_pl|Kundak oku
itm_tutorial_short_bow|Kısa Yay
itm_tutorial_short_bow_pl|Kısa Yay
itm_tutorial_crossbow|Kundaklı Yay
itm_tutorial_crossbow_pl|Kundaklı Yay
itm_tutorial_throwing_daggers|Fırlatma Hançeri
itm_tutorial_throwing_daggers_pl|Fırlatma Hançeri
itm_tutorial_saddle_horse|Binek Atı
itm_tutorial_saddle_horse_pl|Binek Atı
itm_tutorial_shield|İstavroz Kalkan
itm_tutorial_shield_pl|İstavroz Kalkan
itm_tutorial_staff_no_attack|Asa
itm_tutorial_staff_no_attack_pl|Asa
itm_tutorial_staff|Asa
itm_tutorial_staff_pl|Asa
itm_sumpter_horse|Yük Beygiri
itm_sumpter_horse_pl|Yük Beygiri
itm_saddle_horse|Binek Atı
itm_saddle_horse_pl|Binek Atı
itm_steppe_horse|Bozkır Atı
itm_steppe_horse_pl|Bozkır Atı
itm_arabian_horse_a|Çöl atı
itm_arabian_horse_a_pl|Çöl atı
itm_courser|Koşu Atı
itm_courser_pl|Koşu Atı
itm_arabian_horse_b|Sarranid Atı
itm_arabian_horse_b_pl|Sarranid Atı
itm_hunter|Av Atı
itm_hunter_pl|Av Atı
itm_warhorse|Savaş Atı
itm_warhorse_pl|Savaş Atı
itm_charger|Hücum Atı
itm_charger_pl|Hücum Atı
itm_arrows|Ok
itm_arrows_pl|Ok
itm_khergit_arrows|Kergit Oku
itm_khergit_arrows_pl|Kergit Oku
itm_barbed_arrows|Kanca Temrenli Ok
itm_barbed_arrows_pl|Kanca Temrenli Ok
itm_bodkin_arrows|İnce Temrenli Ok
itm_bodkin_arrows_pl|İnce Temrenli Ok
itm_bolts|Kundaklı Yay Oku
itm_bolts_pl|Kundaklı Yay Oku
itm_steel_bolts|Çelik Kundaklı Yay Oku
itm_steel_bolts_pl|Çelik Kundaklı Yay Oku
itm_cartridges|Cephane
itm_cartridges_pl|Cephane
itm_pilgrim_disguise|Gizlenme Kıyafeti
itm_pilgrim_disguise_pl|Gizlenme Kıyafeti
itm_pilgrim_hood|Gizlenme Başlığı
itm_pilgrim_hood_pl|Gizlenme Başlığı
itm_leather_gloves|Deri Eldiven
itm_leather_gloves_pl|Deri Eldiven
itm_mail_mittens|Örme Zırh Elçek
itm_mail_mittens_pl|Örme Zırh Elçek
itm_scale_gauntlets|Pullu Elçek
itm_scale_gauntlets_pl|Pullu Elçek
itm_lamellar_gauntlets|İnce tabakalı eldiven
itm_lamellar_gauntlets_pl|İnce tabakalı eldiven
itm_gauntlets|Zırhlı Eldiven
itm_gauntlets_pl|Zırhlı Eldiven
itm_wrapping_boots|Bağlama Bot
itm_wrapping_boots_pl|Bağlama Bot
itm_woolen_hose|Yün Çorap
itm_woolen_hose_pl|Yün Çorap
itm_blue_hose|Mavi Çorap
itm_blue_hose_pl|Mavi Çorap
itm_hunter_boots|Avcı Çizmesi
itm_hunter_boots_pl|Avcı Çizmesi
itm_hide_boots|Deri Çizme
itm_hide_boots_pl|Deri Çizme
itm_ankle_boots|Bilek Botu
itm_ankle_boots_pl|Bilek Botu
itm_nomad_boots|Göçer Çizmesi
itm_nomad_boots_pl|Göçer Çizmesi
itm_leather_boots|Deri Çizme
itm_leather_boots_pl|Deri Çizme
itm_splinted_leather_greaves|Deri Lata Tozluk
itm_splinted_leather_greaves_pl|Deri Lata Tozluk
itm_mail_chausses|Örme Zırh Tozluk
itm_mail_chausses_pl|Örme Zırh Tozluk
itm_splinted_greaves|Lata Tozluk
itm_splinted_greaves_pl|Lata Tozluk
itm_mail_boots|Örme Zırh Çizme
itm_mail_boots_pl|Örme Zırh Çizme
itm_iron_greaves|Demir Tozluk
itm_iron_greaves_pl|Demir Tozluk
itm_black_greaves|Kara Tozluk
itm_black_greaves_pl|Kara Tozluk
itm_khergit_leather_boots|Kergit Deri Botu
itm_khergit_leather_boots_pl|Kergit Deri Botu
itm_sarranid_boots_a|Sarranid Çarığı
itm_sarranid_boots_a_pl|Sarranid Çarığı
itm_sarranid_boots_b|Sarranid Deri Botu
itm_sarranid_boots_b_pl|Sarranid Deri Botu
itm_sarranid_boots_c|Kaplama Bot
itm_sarranid_boots_c_pl|Kaplama Bot
itm_sarranid_boots_d|Sarranid Zırhlı Botu
itm_sarranid_boots_d_pl|Sarranid Zırhlı Botu
itm_sarranid_head_cloth|Bayan Başörtüsü
itm_sarranid_head_cloth_pl|Bayan Başörtüsü
itm_sarranid_head_cloth_b|Bayan Başörtüsü
itm_sarranid_head_cloth_b_pl|Bayan Başörtüsü
itm_sarranid_felt_head_cloth|Sarık
itm_sarranid_felt_head_cloth_pl|Sarık
itm_sarranid_felt_head_cloth_b|Sarık
itm_sarranid_felt_head_cloth_b_pl|Sarık
itm_lady_dress_ruby|Hanım Elbisesi
itm_lady_dress_ruby_pl|Hanım Elbisesi
itm_lady_dress_green|Hanım Elbisesi
itm_lady_dress_green_pl|Hanım Elbisesi
itm_lady_dress_blue|Hanım Elbisesi
itm_lady_dress_blue_pl|Hanım Elbisesi
itm_red_dress|Kırmızı Elbise
itm_red_dress_pl|Kırmızı Elbise
itm_brown_dress|Kahverengi Elbise
itm_brown_dress_pl|Kahverengi Elbise
itm_green_dress|Yeşil Elbise
itm_green_dress_pl|Yeşil Elbise
itm_khergit_lady_dress|Kergit Bayan Elbisesi
itm_khergit_lady_dress_pl|Kergit Bayan Elbisesi
itm_khergit_lady_dress_b|Kergit Deri Bayan Elbisesi
itm_khergit_lady_dress_b_pl|Kergit Deri Bayan Elbisesi
itm_sarranid_lady_dress|Sarranid Bayan Elbisesi
itm_sarranid_lady_dress_pl|Sarranid Bayan Elbisesi
itm_sarranid_lady_dress_b|Sarranid Bayan Elbisesi
itm_sarranid_lady_dress_b_pl|Sarranid Bayan Elbisesi
itm_sarranid_common_dress|Sarranid Elbisesi
itm_sarranid_common_dress_pl|Sarranid Elbisesi
itm_sarranid_common_dress_b|Sarranid Elbisesi
itm_sarranid_common_dress_b_pl|Sarranid Elbisesi
itm_courtly_outfit|Asil Kıyafeti
itm_courtly_outfit_pl|Asil Kıyafeti
itm_nobleman_outfit|Soylu Kıyafeti
itm_nobleman_outfit_pl|Soylu Kıyafeti
itm_nomad_armor|Göçer Zırhı
itm_nomad_armor_pl|Göçer Zırhı
itm_khergit_armor|Kergit Zırhı
itm_khergit_armor_pl|Kergit Zırhı
itm_leather_jacket|Deri Parka
itm_leather_jacket_pl|Deri Parka
itm_rawhide_coat|Hamderi Kaban 
itm_rawhide_coat_pl|Hamderi Kaban
itm_leather_armor|Deri Zırh
itm_leather_armor_pl|Deri Zırh
itm_fur_coat|Kürk Palto
itm_fur_coat_pl|Kürk Palto
itm_coat|Palto
itm_coat_pl|Palto
itm_leather_coat|Deri Palto
itm_leather_coat_pl|Deri Palto
itm_mail_coat|Zırhlı Palto
itm_mail_coat_pl|Zırhlı Palto
itm_long_mail_coat|Uzun Zırhlı Palto
itm_long_mail_coat_pl|Uzun Zırhlı Palto
itm_sleeveless_mail_coat|Kolsuz Zırhlı Palto
itm_sleeveless_mail_coat_pl|Kolsuz Zırhlı Palto
itm_sleeveless_coat|Kolsuz Palto
itm_sleeveless_coat_pl|Kolsuz Palto
itm_hide_coat|Post Palto
itm_hide_coat_pl|Post Palto
itm_merchant_outfit|Tüccar Kıyafeti
itm_merchant_outfit_pl|Tüccar Kıyafeti
itm_homespun_dress|Ev-yapımı Elbise
itm_homespun_dress_pl|Ev-yapımı Elbise
itm_thick_coat|Kalın Palto
itm_thick_coat_pl|Kalın Palto
itm_coat_with_cape|Pelerinli Palto
itm_coat_with_cape_pl|Pelerinli Palto
itm_steppe_outfit|Bozkır Kıyafeti
itm_steppe_outfit_pl|Bozkır Kıyafeti
itm_nordic_outfit|Nord Kıyafeti
itm_nordic_outfit_pl|Nord Kıyafeti
itm_nordic_armor|Nord Zırhı
itm_nordic_armor_pl|Nord Zırhı
itm_hide_armor|Post Zırh
itm_hide_armor_pl|Post Zırh
itm_cloaked_tunic|Örtülü Tunik
itm_cloaked_tunic_pl|Örtülü Tunik
itm_sleeveless_tunic|Kolsuz Tunik
itm_sleeveless_tunic_pl|Kolsuz Tunik
itm_sleeveless_leather_tunic|Kolsuz Deri Tunik
itm_sleeveless_leather_tunic_pl|Kolsuz Deri Tunik
itm_linen_shirt|Keten Gömlek
itm_linen_shirt_pl|Keten Gömlek
itm_wool_coat|Yün Palto
itm_wool_coat_pl|Yün Palto
itm_dress|Elbise
itm_dress_pl|Elbise
itm_blue_dress|Mavi Elbise
itm_blue_dress_pl|Mavi Elbise
itm_peasant_dress|Köylü Elbisesi
itm_peasant_dress_pl|Köylü Elbisesi
itm_woolen_dress|Yün Elbise
itm_woolen_dress_pl|Yün Elbise
itm_shirt|Gömlek
itm_shirt_pl|Gömlek
itm_linen_tunic|Keten Tunik
itm_linen_tunic_pl|Keten Tunik
itm_short_tunic|Kısa Tunik
itm_short_tunic_pl|Kısa Tunik
itm_red_shirt|Kırmızı Gömlek
itm_red_shirt_pl|Kırmızı Gömlek
itm_red_tunic|Kırmızı Tunik
itm_red_tunic_pl|Kırmızı Tunik
itm_green_tunic|Yeşil Tunik
itm_green_tunic_pl|Yeşil Tunik
itm_blue_tunic|Mavi Tunik
itm_blue_tunic_pl|Mavi Tunik
itm_robe|Cübbe
itm_robe_pl|Cübbe
itm_coarse_tunic|Kaba Tunik
itm_coarse_tunic_pl|Kaba Tunik
itm_leather_apron|Deri Önlük
itm_leather_apron_pl|Deri Önlük
itm_tabard|Kısa Palto
itm_tabard_pl|Kısa Palto
itm_leather_vest|Yamçı
itm_leather_vest_pl|Yamçı
itm_steppe_armor|Bozkır Zırhı
itm_steppe_armor_pl|Bozkır Zırhı
itm_gambeson|Zırhlı Ceket
itm_gambeson_pl|Zırhlı Ceket
itm_blue_gambeson|Mavi Gambeson
itm_blue_gambeson_pl|Mavi Gambeson
itm_red_gambeson|Kırmızı Gambeson
itm_red_gambeson_pl|Kırmızı Gambeson
itm_padded_cloth|Aketon
itm_padded_cloth_pl|Aketon
itm_aketon_green|Takviyeli Kıyafet
itm_aketon_green_pl|Takviyeli Kıyafet
itm_leather_jerkin|Deri Urba
itm_leather_jerkin_pl|Deri Urba
itm_nomad_vest|Göçebe Yeleği
itm_nomad_vest_pl|Göçebe Yeleği
itm_ragged_outfit|Dağlı Giysisi
itm_ragged_outfit_pl|Dağlı Giysisi
itm_padded_leather|Takviyeli Deri
itm_padded_leather_pl|Takviyeli Deri
itm_tribal_warrior_outfit|Savaşçı Giysisi
itm_tribal_warrior_outfit_pl|Savaşçı Giysisi
itm_nomad_robe|Göçebe Cübbesi
itm_nomad_robe_pl|Göçebe Cübbesi
itm_studded_leather_coat|Kabaralı Deri Kaban
itm_studded_leather_coat_pl|Kabaralı Deri Kaban
itm_byrnie|Kısa Örme Zırh
itm_byrnie_pl|Kısa Örme Zırh
itm_haubergeon|Kolsuz Örme Zırh
itm_haubergeon_pl|Kolsuz Örme Zırh
itm_lamellar_vest|İnce Tabakalı Yelek
itm_lamellar_vest_pl|İnce Tabakalı Yelek
itm_lamellar_vest_khergit|İnce Tabakalı Yelek
itm_lamellar_vest_khergit_pl|İnce Tabakalı Yelek
itm_mail_shirt|Zırh Gömlek
itm_mail_shirt_pl|Zırh Gömlek
itm_mail_hauberk|Örme Zırh
itm_mail_hauberk_pl|Örme Zırh
itm_mail_with_surcoat|Uzun Örme Zırh
itm_mail_with_surcoat_pl|Uzun Örme Zırh
itm_surcoat_over_mail|Uzun Örme Zırh
itm_surcoat_over_mail_pl|Uzun Örme Zırh
itm_brigandine_red|Eşkiya Zırhı
itm_brigandine_red_pl|Eşkiya Zırhı
itm_lamellar_armor|İnce Tabakalı Zırh
itm_lamellar_armor_pl|İnce Tabakalı Zırh
itm_scale_armor|Tabakalı Zırh
itm_scale_armor_pl|Tabakalı Zırh
itm_banded_armor|Şerit Zırh
itm_banded_armor_pl|Şerit Zırh
itm_cuir_bouilli|Sertleştirilmiş Deri Zırh
itm_cuir_bouilli_pl|Sertleştirilmiş Deri Zırh
itm_coat_of_plates|Plakalı Zırh
itm_coat_of_plates_pl|Plakalı Zırh
itm_coat_of_plates_red|Plakalı Ceket
itm_coat_of_plates_red_pl|Plakalı Ceket
itm_plate_armor|Levha Zırh
itm_plate_armor_pl|Levha Zırh
itm_black_armor|Kara Zırh
itm_black_armor_pl|Kara Zırh
itm_pelt_coat|Pelt Coat
itm_pelt_coat_pl|Pelt Coat
itm_khergit_elite_armor|Kergit Elit Zırh
itm_khergit_elite_armor_pl|Kergit Elit Zırh
itm_vaegir_elite_armor|Vaegir Elit Zırh
itm_vaegir_elite_armor_pl|Vaegir Elit Zırh
itm_sarranid_elite_armor|Sarranid Elit Zırh
itm_sarranid_elite_armor_pl|Sarranid Elit Zırh
itm_sarranid_dress_a|Elbise
itm_sarranid_dress_a_pl|Elbise
itm_sarranid_dress_b|Elbise
itm_sarranid_dress_b_pl|Elbise
itm_sarranid_cloth_robe|Kullanılmış Cübbe
itm_sarranid_cloth_robe_pl|Kullanılmış Cübbe
itm_sarranid_cloth_robe_b|Kullanılmış Cübbe
itm_sarranid_cloth_robe_b_pl|Kullanılmış Cübbe
itm_skirmisher_armor|Avcı Zırhı
itm_skirmisher_armor_pl|Avcı Zırhı
itm_archers_vest|Takviyeli Okçu Yeleği
itm_archers_vest_pl|Takviyeli Okçu Yeleği
itm_sarranid_leather_armor|Sarranid Deri Zırh
itm_sarranid_leather_armor_pl|Sarranid Deri Zırh
itm_sarranid_cavalry_robe|Süvari Cübbesi
itm_sarranid_cavalry_robe_pl|Süvari Cübbesi
itm_arabian_armor_b|Sarranid Muhafız Zırhı
itm_arabian_armor_b_pl|Sarranid Muhafız Zırhı
itm_sarranid_mail_shirt|Sarranid Zırhlı Gömlek
itm_sarranid_mail_shirt_pl|Sarranid Zırhlı Gömlek
itm_mamluke_mail|Memlüklü Zırhı
itm_mamluke_mail_pl|Memlüklü Zırhı
itm_burlap_tunic|Burlap Tunik
itm_burlap_tunic_pl|Burlap Tunik
itm_heraldic_mail_with_surcoat|Cüppeli Hanedan Zırhı
itm_heraldic_mail_with_surcoat_pl|Cüppeli Hanedan Zırhı
itm_heraldic_mail_with_tunic|Tabarlı Zırh
itm_heraldic_mail_with_tunic_pl|Tabarlı Zırh
itm_heraldic_mail_with_tunic_b|Tabarlı Zırh
itm_heraldic_mail_with_tunic_b_pl|Tabarlı Zırh
itm_heraldic_mail_with_tabard|Tabarlı Hanedan Zırhı
itm_heraldic_mail_with_tabard_pl|Tabarlı Hanedan Zırhı
itm_turret_hat_ruby|Hanım Başlığı
itm_turret_hat_ruby_pl|Hanım Başlığı
itm_turret_hat_blue|Hanım Başlığı
itm_turret_hat_blue_pl|Hanım Başlığı
itm_turret_hat_green|Hanım Başlığı
itm_turret_hat_green_pl|Hanım Başlığı
itm_head_wrappings|Başörtüsü
itm_head_wrappings_pl|Başörtüsü
itm_court_hat|Hanım Başlığı
itm_court_hat_pl|Hanım Başlığı
itm_wimple_a|Kadın Başlığı
itm_wimple_a_pl|Kadın Başlığı
itm_wimple_with_veil|Kadın Başlığı
itm_wimple_with_veil_pl|Kadın Başlığı
itm_straw_hat|Saz Şapka
itm_straw_hat_pl|Saz Şapka
itm_common_hood|Kapşon
itm_common_hood_pl|Kapşon
itm_hood_b|Kapşon
itm_hood_b_pl|Kapşon
itm_hood_c|Kapşon
itm_hood_c_pl|Kapşon
itm_hood_d|Kapşon
itm_hood_d_pl|Kapşon
itm_headcloth|Başlık
itm_headcloth_pl|Başlık
itm_woolen_hood|Yün Kapşon
itm_woolen_hood_pl|Yün Kapşon
itm_arming_cap|Savaş Başlığı
itm_arming_cap_pl|Savaş Başlığı
itm_fur_hat|Kürk Başlık
itm_fur_hat_pl|Kürk Başlık
itm_nomad_cap|Göçebe Başlığı
itm_nomad_cap_pl|Göçebe Başlığı
itm_nomad_cap_b|Göçebe Başlığı
itm_nomad_cap_b_pl|Göçebe Başlığı
itm_steppe_cap|Bozkır Başlığı
itm_steppe_cap_pl|Bozkır Başlığı
itm_padded_coif|Bez Takke
itm_padded_coif_pl|Bez Takke
itm_woolen_cap|Yün Başlık
itm_woolen_cap_pl|Yün Başlık
itm_felt_hat|Keçe Şapka
itm_felt_hat_pl|Keçe Şapka
itm_felt_hat_b|Keçe Şapka
itm_felt_hat_b_pl|Keçe Şapka
itm_leather_cap|Deri Bere
itm_leather_cap_pl|Deri Bere
itm_female_hood|Hanım Kapşonu
itm_female_hood_pl|Hanım Kapşonu
itm_leather_steppe_cap_a|Deri Bozkır Başlığı
itm_leather_steppe_cap_a_pl|Deri Bozkır Başlığı
itm_leather_steppe_cap_b|Deri Bozkır Başlığı
itm_leather_steppe_cap_b_pl|Deri Bozkır Başlığı
itm_leather_steppe_cap_c|Deri Bozkır Başlığı
itm_leather_steppe_cap_c_pl|Deri Bozkır Başlığı
itm_leather_warrior_cap|Deri Savaşçı Başlığı
itm_leather_warrior_cap_pl|Deri Savaşçı Başlığı
itm_skullcap|Tolga
itm_skullcap_pl|Tolga
itm_mail_coif|Takke
itm_mail_coif_pl|Takke
itm_footman_helmet|Er Miğferi
itm_footman_helmet_pl|Er Miğferi
itm_nasal_helmet|Nazal Miğfer
itm_nasal_helmet_pl|Nazal Miğfer
itm_norman_helmet|Norman Miğferi
itm_norman_helmet_pl|Norman Miğferi
itm_segmented_helmet|Dilimli Miğfer
itm_segmented_helmet_pl|Dilimli Miğfer
itm_helmet_with_neckguard|Muhafız Miğfer
itm_helmet_with_neckguard_pl|Muhafız Miğfer
itm_flat_topped_helmet|Düz Tepeli Miğfer
itm_flat_topped_helmet_pl|Düz Tepeli Miğfer
itm_kettle_hat|Siperli Miğfer
itm_kettle_hat_pl|Siperli Miğfer
itm_spiked_helmet|Temrenli Miğfer
itm_spiked_helmet_pl|Temrenli Miğfer
itm_nordic_helmet|Kuzeyli Miğferi
itm_nordic_helmet_pl|Kuzeyli Miğferi
itm_khergit_lady_hat|Kergit Hanım Başlığı
itm_khergit_lady_hat_pl|Kergit Hanım Başlığı
itm_khergit_lady_hat_b|Kergit Deri Hanım Başlığı
itm_khergit_lady_hat_b_pl|Kergit Deri Hanım Başlığı
itm_sarranid_felt_hat|Sarranid Keçe Başlık
itm_sarranid_felt_hat_pl|Sarranid Keçe Başlık
itm_turban|Sarık
itm_turban_pl|Sarık
itm_desert_turban|Çöl Sarığı
itm_desert_turban_pl|Çöl Sarığı
itm_sarranid_warrior_cap|Sarranid Savaşçı Kepi
itm_sarranid_warrior_cap_pl|Sarranid Savaşçı Kepi
itm_sarranid_horseman_helmet|Atlı Miğferi
itm_sarranid_horseman_helmet_pl|Atlı Miğferi
itm_sarranid_helmet1|Sarranid Kefiye Miğferi
itm_sarranid_helmet1_pl|Sarranid Kefiye Miğferi
itm_sarranid_mail_coif|Sarranid Zincir Takke
itm_sarranid_mail_coif_pl|Sarranid Zincir Takke
itm_sarranid_veiled_helmet|Sarranid Kapalı Miğfer
itm_sarranid_veiled_helmet_pl|Sarranid Kapalı Miğfer
itm_nordic_archer_helmet|Nordik Deri Miğfer
itm_nordic_archer_helmet_pl|Nordik Deri Miğfer
itm_nordic_veteran_archer_helmet|Nordik Deri Miğfer
itm_nordic_veteran_archer_helmet_pl|Nordik Deri Miğfer
itm_nordic_footman_helmet|Nordik Er Miğferi
itm_nordic_footman_helmet_pl|Nordik Er Miğferi
itm_nordic_fighter_helmet|Nordik Savaşçı Miğferi
itm_nordic_fighter_helmet_pl|Nordik Savaşçı Miğferi
itm_nordic_huscarl_helmet|Nord Muhafızı Miğferi
itm_nordic_huscarl_helmet_pl|Nord Muhafızı Miğferi
itm_nordic_warlord_helmet|Nordik Savaş Lordu Miğferi
itm_nordic_warlord_helmet_pl|Nordik Savaş Lordu Miğferi
itm_vaegir_fur_cap|Kalpak
itm_vaegir_fur_cap_pl|Kalpak
itm_vaegir_fur_helmet|Vaegir Miğferi
itm_vaegir_fur_helmet_pl|Vaegir Miğferi
itm_vaegir_spiked_helmet|Çivili Kep
itm_vaegir_spiked_helmet_pl|Çivili Kep
itm_vaegir_lamellar_helmet|İnce Tabaka Korumalı Miğfer
itm_vaegir_lamellar_helmet_pl|İnce Tabaka Korumalı Miğfer
itm_vaegir_noble_helmet|Vaegir Soylu Miğferi
itm_vaegir_noble_helmet_pl|Vaegir Soylu Miğferi
itm_vaegir_war_helmet|Vaegir Savaş Miğferi
itm_vaegir_war_helmet_pl|Vaegir Savaş Miğferi
itm_vaegir_mask|Vaegir Savaş Maskesi
itm_vaegir_mask_pl|Vaegir Savaş Maskesi
itm_bascinet|Bazinet
itm_bascinet_pl|Bazinet
itm_bascinet_2|Demir Peçeli Bazinet
itm_bascinet_2_pl|Demir Peçeli Bazinet
itm_bascinet_3|Burun Korumalı Bazinet
itm_bascinet_3_pl|Burun Korumalı Bazinet
itm_guard_helmet|Muhafız Miğferi
itm_guard_helmet_pl|Muhafız Miğferi
itm_black_helmet|Kara Miğfer
itm_black_helmet_pl|Kara Miğfer
itm_full_helm|Kapalı Miğfer
itm_full_helm_pl|Kapalı Miğfer
itm_great_helmet|Büyük Miğfer
itm_great_helmet_pl|Büyük Miğfer
itm_winged_great_helmet|Kanatlı Büyük Miğfer
itm_winged_great_helmet_pl|Kanatlı Büyük Miğfer
itm_wooden_stick|Tahta Sopa
itm_wooden_stick_pl|Tahta Sopa
itm_cudgel|Çomak
itm_cudgel_pl|Çomak
itm_hammer|Çekiç
itm_hammer_pl|Çekiç
itm_club|Sopa
itm_club_pl|Sopa
itm_winged_mace|Bozdoğan
itm_winged_mace_pl|Bozdoğan
itm_spiked_mace|Dikenli Bozdoğan
itm_spiked_mace_pl|Dikenli Bozdoğan
itm_military_hammer|Asker Çekici
itm_military_hammer_pl|Asker Çekici
itm_maul|Tokmak
itm_maul_pl|Tokmak
itm_sledgehammer|Balyoz
itm_sledgehammer_pl|Balyoz
itm_warhammer|Savaş Çekici
itm_warhammer_pl|Savaş Çekici
itm_pickaxe|Tepedelen
itm_pickaxe_pl|Tepedelen
itm_spiked_club|Dikenli Sopa
itm_spiked_club_pl|Dikenli Sopa
itm_fighting_pick|Dövüş Nacağı
itm_fighting_pick_pl|Dövüş Nacağı
itm_military_pick|Asker Nacağı
itm_military_pick_pl|Asker Nacağı
itm_morningstar|Seher Yıldızı
itm_morningstar_pl|Seher Yıldızı
itm_sickle|Orak
itm_sickle_pl|Orak
itm_cleaver|Satır
itm_cleaver_pl|Satır
itm_knife|Bıçak
itm_knife_pl|Bıçak
itm_butchering_knife|Kasap Bıçağı
itm_butchering_knife_pl|Kasap Bıçağı
itm_dagger|Hançer
itm_dagger_pl|Hançer
itm_falchion|Pala
itm_falchion_pl|Pala
itm_scimitar|Şemşir
itm_scimitar_pl|Şemşir
itm_scimitar_b|Elit Pala
itm_scimitar_b_pl|Elit Pala
itm_arabian_sword_a|Sarranid Kılıcı
itm_arabian_sword_a_pl|Sarranid Kılıcı
itm_arabian_sword_b|Sarranid Savaş Kılıcı
itm_arabian_sword_b_pl|Sarranid Savaş Kılıcı
itm_sarranid_cavalry_sword|Sarranid Süvari Kılıcı
itm_sarranid_cavalry_sword_pl|Sarranid Süvari Kılıcı
itm_arabian_sword_d|Sarranid Muhafız Kılıcı
itm_arabian_sword_d_pl|Sarranid Muhafız Kılıcı
itm_great_sword|Battal Kılıç
itm_great_sword_pl|Battal Kılıç
itm_sword_of_war|Savaş Kılıcı
itm_sword_of_war_pl|Savaş Kılıcı
itm_hatchet|Nacak
itm_hatchet_pl|Nacak
itm_hand_axe|El Baltası
itm_hand_axe_pl|El Baltası
itm_fighting_axe|Dövüş Baltası
itm_fighting_axe_pl|Dövüş Baltası
itm_axe|Balta
itm_axe_pl|Balta
itm_voulge|Aybalta
itm_voulge_pl|Aybalta
itm_battle_axe|Muharebe Baltası
itm_battle_axe_pl|Muharebe Baltası
itm_war_axe|Savaş Baltası
itm_war_axe_pl|Savaş Baltası
itm_sword_two_handed_b|Çift Elli Kılıç
itm_sword_two_handed_b_pl|Çift Elli Kılıç
itm_sword_two_handed_a|Çift Elli Kılıç
itm_sword_two_handed_a_pl|Çift Elli Kılıç
itm_khergit_sword_two_handed_a|Çift Elli Pala
itm_khergit_sword_two_handed_a_pl|Çift Elli Pala
itm_khergit_sword_two_handed_b|Çift Elli Pala
itm_khergit_sword_two_handed_b_pl|Çift Elli Pala
itm_two_handed_cleaver|Savaş Satırı
itm_two_handed_cleaver_pl|Savaş Satırı
itm_military_cleaver_b|Asker Satırı
itm_military_cleaver_b_pl|Asker Satırı
itm_military_cleaver_c|Ordu Satırı
itm_military_cleaver_c_pl|Ordu Satırı
itm_military_sickle_a|Asker Orağı
itm_military_sickle_a_pl|Asker Orağı
itm_bastard_sword_a|Battal Kılıç
itm_bastard_sword_a_pl|Battal Kılıç
itm_bastard_sword_b|Uzun Battal Kılıç
itm_bastard_sword_b_pl|Uzun Battal Kılıç
itm_one_handed_war_axe_a|Tek Elli Savaş Baltası
itm_one_handed_war_axe_a_pl|Tek Elli Savaş Baltası
itm_one_handed_battle_axe_a|Tek Elli Muharebe Baltası
itm_one_handed_battle_axe_a_pl|Tek Elli Muharebe Baltası
itm_one_handed_war_axe_b|Tek Elli Savaş Baltası
itm_one_handed_war_axe_b_pl|Tek Elli Savaş Baltası
itm_one_handed_battle_axe_b|Tek Elli Muharebe Baltası
itm_one_handed_battle_axe_b_pl|Tek Elli Muharebe Baltası
itm_one_handed_battle_axe_c|Tek Elli Muharebe Baltası
itm_one_handed_battle_axe_c_pl|Tek Elli Muharebe Baltası
itm_two_handed_axe|Çift Elli Balta
itm_two_handed_axe_pl|Çift Elli Balta
itm_two_handed_battle_axe_2|Çift Elli Savaş Baltası
itm_two_handed_battle_axe_2_pl|Çift Elli Savaş Baltası
itm_shortened_voulge|Kısaltılmış Baltalı Mızrak
itm_shortened_voulge_pl|Kısaltılmış Baltalı Mızrak
itm_great_axe|Battal Balta
itm_great_axe_pl|Battal Balta
itm_long_axe|Uzun Balta
itm_long_axe_pl|Uzun Balta
itm_long_axe_alt|Uzun Balta
itm_long_axe_alt_pl|Uzun Balta
itm_long_axe_b|Uzun Savaş Baltası
itm_long_axe_b_pl|Uzun Savaş Baltası
itm_long_axe_b_alt|Uzun Savaş Baltası
itm_long_axe_b_alt_pl|Uzun Savaş Baltası
itm_long_axe_c|Büyük Uzun Balta
itm_long_axe_c_pl|Büyük Uzun Balta
itm_long_axe_c_alt|Büyük Uzun Balta
itm_long_axe_c_alt_pl|Büyük Uzun Balta
itm_bardiche|Teber
itm_bardiche_pl|Teber
itm_great_bardiche|Büyük Baltalı Mızrak
itm_great_bardiche_pl|Büyük Baltalı Mızrak
itm_voulge|Aybalta
itm_voulge_pl|Aybalta
itm_long_bardiche|Uzun Baltalı Mızrak
itm_long_bardiche_pl|Uzun Baltalı Mızrak
itm_great_long_bardiche|Büyük Uzun Baltalı Mızrak
itm_great_long_bardiche_pl|Büyük Uzun Baltalı Mızrak
itm_hafted_blade_b|Uzun Saplı Pala
itm_hafted_blade_b_pl|Uzun Saplı Pala
itm_hafted_blade_a|Uzun Saplı Pala
itm_hafted_blade_a_pl|Uzun Saplı Pala
itm_shortened_military_scythe|Kısaltılmış Askeri Tırpan
itm_shortened_military_scythe_pl|Kısaltılmış Askeri Tırpan
itm_sword_medieval_a|Kılıç
itm_sword_medieval_a_pl|Kılıç
itm_sword_medieval_b|Kılıç
itm_sword_medieval_b_pl|Kılıç
itm_sword_medieval_b_small|Kısa Kılıç
itm_sword_medieval_b_small_pl|Kısa Kılıç
itm_sword_medieval_c|Dövüş Kılıcı
itm_sword_medieval_c_pl|Dövüş Kılıcı
itm_sword_medieval_c_small|Kısa Dövüş Kılıcı
itm_sword_medieval_c_small_pl|Kısa Dövüş Kılıcı
itm_sword_medieval_c_long|Savaş Kılıcı
itm_sword_medieval_c_long_pl|Savaş Kılıcı
itm_sword_medieval_d_long|Dövüş Kılıcı
itm_sword_medieval_d_long_pl|Dövüş Kılıcı
itm_sword_viking_1|Nord Kılıcı
itm_sword_viking_1_pl|Nord Kılıcı
itm_sword_viking_2|Nord Kılıcı
itm_sword_viking_2_pl|Nord Kılıcı
itm_sword_viking_2_small|Kısa Nord Kılıcı
itm_sword_viking_2_small_pl|Kısa Nord Kılıcı
itm_sword_viking_3|Nord Kılıcı
itm_sword_viking_3_pl|Nord Kılıcı
itm_sword_viking_3_small|Nord Kılıcı
itm_sword_viking_3_small_pl|Nord Kılıcı
itm_sword_khergit_1|Göçer Kılıcı
itm_sword_khergit_1_pl|Göçer Kılıcı
itm_sword_khergit_2|Süvari Kılıcı
itm_sword_khergit_2_pl|Süvari Kılıcı
itm_sword_khergit_3|Süvari Kılıcı
itm_sword_khergit_3_pl|Süvari Kılıcı
itm_sword_khergit_4|Ağır Süvari Kılıcı
itm_sword_khergit_4_pl|Ağır Süvari Kılıcı
itm_mace_1|Çivili Sopa
itm_mace_1_pl|Çivili Sopa
itm_mace_2|Topuzlu Bozdoğan
itm_mace_2_pl|Topuzlu Bozdoğan
itm_mace_3|Dikenli Bozdoğan
itm_mace_3_pl|Dikenli Bozdoğan
itm_mace_4|Bozdoğan
itm_mace_4_pl|Bozdoğan
itm_club_with_spike_head|Dikenli Sopa
itm_club_with_spike_head_pl|Dikenli Sopa
itm_long_spiked_club|Çivili Uzun Sopa
itm_long_spiked_club_pl|Çivili Uzun Sopa
itm_long_hafted_knobbed_mace|Uzun Saplı Gürz
itm_long_hafted_knobbed_mace_pl|Uzun Saplı Gürz
itm_long_hafted_spiked_mace|Uzun Saplı Dikenli Gürz
itm_long_hafted_spiked_mace_pl|Uzun Saplı Dikenli Gürz
itm_sarranid_two_handed_mace_1|Demir Gürz
itm_sarranid_two_handed_mace_1_pl|Demir Gürz
itm_sarranid_mace_1|Demir Gürz
itm_sarranid_mace_1_pl|Demir Gürz
itm_sarranid_axe_a|Demir Savaş Baltası
itm_sarranid_axe_a_pl|Demir Savaş Baltası
itm_sarranid_axe_b|Demir Savaş Baltası
itm_sarranid_axe_b_pl|Demir Savaş Baltası
itm_sarranid_two_handed_axe_a|Sarranid Harb Baltası
itm_sarranid_two_handed_axe_a_pl|Sarranid Harb Baltası
itm_sarranid_two_handed_axe_b|Sarranid Savaş Baltası
itm_sarranid_two_handed_axe_b_pl|Sarranid Savaş Baltası
itm_scythe|Tırpan
itm_scythe_pl|Tırpan
itm_pitch_fork|Kara Dirgen
itm_pitch_fork_pl|Kara Dirgen
itm_military_fork|Askeri Dirgen
itm_military_fork_pl|Askeri Dirgen
itm_battle_fork|Muharebe Dirgeni
itm_battle_fork_pl|Muharebe Dirgeni
itm_boar_spear|Av Mızrağı
itm_boar_spear_pl|Av Mızrağı
itm_jousting_lance|Dövüş Kargısı
itm_jousting_lance_pl|Dövüş Kargısı
itm_double_sided_lance|Çift Uçlu Kargı
itm_double_sided_lance_pl|Çift Uçlu Kargı
itm_glaive|Kancalı Teber
itm_glaive_pl|Kancalı Teber
itm_poleaxe|Baltalı Mızrak
itm_poleaxe_pl|Baltalı Mızrak
itm_polehammer|Çekiçli Mızrak
itm_polehammer_pl|Çekiçli Mızrak
itm_staff|Asa
itm_staff_pl|Asa
itm_quarter_staff|Dövüş Asası
itm_quarter_staff_pl|Dövüş Asası
itm_iron_staff|Demir Asa
itm_iron_staff_pl|Demir Asa
itm_shortened_spear|Kısa Mızrak
itm_shortened_spear_pl|Kısa Mızrak
itm_spear|Mızrak
itm_spear_pl|Mızrak
itm_bamboo_spear|Bambu Mızrak
itm_bamboo_spear_pl|Bambu Mızrak
itm_war_spear|Savaş Mızrağı
itm_war_spear_pl|Savaş Mızrağı
itm_military_scythe|Askeri Tırpan
itm_military_scythe_pl|Askeri Tırpan
itm_light_lance|Hafif Kargı
itm_light_lance_pl|Hafif Kargı
itm_lance|Kargı
itm_lance_pl|Kargı
itm_heavy_lance|Ağır Kargı
itm_heavy_lance_pl|Ağır Kargı
itm_great_lance|Büyük Kargı
itm_great_lance_pl|Büyük Kargı
itm_pike|Uzun Mızrak
itm_pike_pl|Uzun Mızrak
itm_ashwood_pike|Gürgen Mızrak
itm_ashwood_pike_pl|Gürgen Mızrak
itm_awlpike|Balçaklı Mızrak
itm_awlpike_pl|Balçaklı Mızrak
itm_awlpike_long|Uzun Tığ Mızrak
itm_awlpike_long_pl|Uzun Tığ Mızrak
itm_bec_de_corbin_a|Karga Burun Mızrak
itm_bec_de_corbin_a_pl|Karga Burun Mızrak
itm_wooden_shield|Tahta Kalkan
itm_wooden_shield_pl|Tahta Kalkan
itm_nordic_shield|Kuzeyli Kalkanı
itm_nordic_shield_pl|Kuzeyli Kalkanı
itm_fur_covered_shield|Kürk Kaplı Kalkan
itm_fur_covered_shield_pl|Kürk Kaplı Kalkan
itm_steel_shield|Demir Kalkan
itm_steel_shield_pl|Demir Kalkan
itm_plate_covered_round_shield|Plaka Kaplı Yuvarlak Kalkan
itm_plate_covered_round_shield_pl|Plaka Kaplı Yuvarlak Kalkan
itm_leather_covered_round_shield|Deri Kaplı Yuvarlak Kalkan
itm_leather_covered_round_shield_pl|Deri Kaplı Yuvarlak Kalkan
itm_hide_covered_round_shield|Post Kaplı Yuvarlak Kalkan
itm_hide_covered_round_shield_pl|Post Kaplı Yuvarlak Kalkan
itm_shield_heater_c|Üçgen Kalkan
itm_shield_heater_c_pl|Üçgen Kalkan
itm_norman_shield_1|Üçgen Kalkan
itm_norman_shield_1_pl|Oval Kalkan
itm_norman_shield_2|Oval Kalkan
itm_norman_shield_2_pl|Oval Kalkan
itm_norman_shield_3|Oval Kalkan
itm_norman_shield_3_pl|Oval Kalkan
itm_norman_shield_4|Oval Kalkan
itm_norman_shield_4_pl|Oval Kalkan
itm_norman_shield_5|Oval Kalkan
itm_norman_shield_5_pl|Oval Kalkan
itm_norman_shield_6|Oval Kalkan
itm_norman_shield_6_pl|Oval Kalkan
itm_norman_shield_7|Oval Kalkan
itm_norman_shield_7_pl|Oval Kalkan
itm_norman_shield_8|Oval Kalkan
itm_norman_shield_8_pl|Oval Kalkan
itm_tab_shield_round_a|Eski Yuvarlak Kalkan
itm_tab_shield_round_a_pl|Eski Yuvarlak Kalkan
itm_tab_shield_round_b|Düz Yuvarlak Kalkan
itm_tab_shield_round_b_pl|Düz Yuvarlak Kalkan
itm_tab_shield_round_c|Yuvarlak Kalkan
itm_tab_shield_round_c_pl|Yuvarlak Kalkan
itm_tab_shield_round_d|Ağır Yuvarlak Kalkan
itm_tab_shield_round_d_pl|Ağır Yuvarlak Kalkan
itm_tab_shield_round_e|Kahramanın Yuvarlak Kalkanı
itm_tab_shield_round_e_pl|Kahramanın Yuvarlak Kalkanı
itm_tab_shield_kite_a|Eski Oval Kalkan
itm_tab_shield_kite_a_pl|Eski Oval Kalkan
itm_tab_shield_kite_b|Düz Oval Kalkan
itm_tab_shield_kite_b_pl|Düz Oval Kalkan
itm_tab_shield_kite_c|Oval Kalkan
itm_tab_shield_kite_c_pl|Oval Kalkan
itm_tab_shield_kite_d|Ağır Oval Kalkan
itm_tab_shield_kite_d_pl|Ağır Oval Kalkan
itm_tab_shield_kite_cav_a|Süvari Oval Kalkanı
itm_tab_shield_kite_cav_a_pl|Oval Süvari Kalkanı
itm_tab_shield_kite_cav_b|Oval Süvari Kalkanı
itm_tab_shield_kite_cav_b_pl|Oval Şövalye Kalkanı
itm_tab_shield_heater_a|Oval Şövalye Kalkanı
itm_tab_shield_heater_a_pl|Eski Üçgen Kalkan
itm_tab_shield_heater_b|Düz Üçgen Kalkan
itm_tab_shield_heater_b_pl|Düz Üçgen Kalkan
itm_tab_shield_heater_c|Üçgen Kalkan
itm_tab_shield_heater_c_pl|Üçgen Kalkan
itm_tab_shield_heater_d|Ağır Üçgen Kalkan
itm_tab_shield_heater_d_pl|Ağır Üçgen Kalkan
itm_tab_shield_heater_cav_a|Üçgen Süvari Kalkanı
itm_tab_shield_heater_cav_a_pl|Üçgen Süvari Kalkanı
itm_tab_shield_heater_cav_b|Üçgen Şövalye Kalkanı
itm_tab_shield_heater_cav_b_pl|Üçgen Şövalye Kalkanı
itm_tab_shield_pavise_a|Eski Ahşap Kalkan
itm_tab_shield_pavise_a_pl|Eski Ahşap Kalkan
itm_tab_shield_pavise_b|Düz Ahşap Kalkan
itm_tab_shield_pavise_b_pl|Düz Ahşap Kalkan
itm_tab_shield_pavise_c|Ahşap Kalkan
itm_tab_shield_pavise_c_pl|Ahşap Kalkan
itm_tab_shield_pavise_d|Ağır Ahşap Kalkan
itm_tab_shield_pavise_d_pl|Ağır Ahşap Kalkan
itm_tab_shield_small_round_a|Düz Süvari Kalkanı
itm_tab_shield_small_round_a_pl|Düz Süvari Kan
itm_tab_shield_small_round_b|Yuvarlak Süvari Kalkanı
itm_tab_shield_small_round_b_pl|Yuvarlak Süvari Kalkanı
itm_tab_shield_small_round_c|Elit Süvari Kalkanı
itm_tab_shield_small_round_c_pl|Elit Süvari Kalkanı
itm_darts|Dart
itm_darts_pl|Dart
itm_war_darts|Savaş Dartı
itm_war_darts_pl|Savaş Dartı
itm_javelin|Cida
itm_javelin_pl|Cida
itm_javelin_melee|Temrenli Cıta
itm_javelin_melee_pl|Temrenli Cıta
itm_throwing_spears|Fırlatma Mızrağı
itm_throwing_spears_pl|Fırlatma Mızrağı
itm_throwing_spear_melee|Fırlatma Mızrağı
itm_throwing_spear_melee_pl|Fırlatma Mızrağı
itm_jarid|Cirit
itm_jarid_pl|Cirit
itm_jarid_melee|Cirit
itm_jarid_melee_pl|Cirit
itm_stones|Taş
itm_stones_pl|Taş
itm_throwing_knives|Fırlatma Bıçağı
itm_throwing_knives_pl|Fırlatma Bıçağı
itm_throwing_daggers|Fırlatma Hançeri
itm_throwing_daggers_pl|Fırlatma Hançeri
itm_light_throwing_axes|Hafif Fırlatma Baltası
itm_light_throwing_axes_pl|Hafif Fırlatma Baltası
itm_light_throwing_axes_melee|Hafif Fırlatma Baltası
itm_light_throwing_axes_melee_pl|Hafif Fırlatma Baltası
itm_throwing_axes|Fırlatma Baltası
itm_throwing_axes_pl|Fırlatma Baltası
itm_throwing_axes_melee|Fırlatma Baltası
itm_throwing_axes_melee_pl|Fırlatma Baltası
itm_heavy_throwing_axes|Ağır Fırlatma Baltası
itm_heavy_throwing_axes_pl|Ağır Fırlatma Baltası
itm_heavy_throwing_axes_melee|Ağır Fırlatma Baltası
itm_heavy_throwing_axes_melee_pl|Ağır Fırlatma Baltası
itm_hunting_bow|Av Yayı
itm_hunting_bow_pl|Av Yayı
itm_short_bow|Kısa Yay
itm_short_bow_pl|Kısa Yay
itm_nomad_bow|Göçer Yayı
itm_nomad_bow_pl|Göçer Yayı
itm_long_bow|Uzun Yay
itm_long_bow_pl|Uzun Yay
itm_khergit_bow|Kergit Yayı
itm_khergit_bow_pl|Kergit Yayı
itm_strong_bow|Ağır Yay
itm_strong_bow_pl|Ağır Yay
itm_war_bow|Savaş Yayı
itm_war_bow_pl|Savaş Yayı
itm_hunting_crossbow|Kundaklı Av Yayı
itm_hunting_crossbow_pl|Kundaklı Av Yayı
itm_light_crossbow|Hafif Kundaklı Yay
itm_light_crossbow_pl|Hafif Kundaklı Yay
itm_crossbow|Kundaklı Yay
itm_crossbow_pl|Kundaklı Yay
itm_heavy_crossbow|Ağır Kundaklı Yay
itm_heavy_crossbow_pl|Ağır Kundaklı Yay
itm_sniper_crossbow|Arbalet
itm_sniper_crossbow_pl|Arbalet
itm_flintlock_pistol|Çakmaklı Tabanca
itm_flintlock_pistol_pl|Çakmaklı Tabanca
itm_torch|Meşale
itm_torch_pl|Meşale
itm_lyre|Lir
itm_lyre_pl|Lir
itm_lute|Ud
itm_lute_pl|Ud
itm_strange_armor|Garip Zırh
itm_strange_armor_pl|Garip Zırh
itm_strange_boots|Garip Çizme
itm_strange_boots_pl|Garip Çizme
itm_strange_helmet|Garip Miğfer
itm_strange_helmet_pl|Garip Miğfer
itm_strange_sword|Garip Kılıç
itm_strange_sword_pl|Garip Kılıç
itm_strange_great_sword|Büyük Garip Kılıç
itm_strange_great_sword_pl|Büyük Garip Kılıç
itm_strange_short_sword|Kısa Garip Kılıç
itm_strange_short_sword_pl|Kısa Garip Kılıç
itm_court_dress|Hanım Elbisesi
itm_court_dress_pl|Hanım Elbisesi
itm_rich_outfit|Zengin Kıyafeti
itm_rich_outfit_pl|Zengin Kıyafeti
itm_khergit_guard_armor|Kergit Muhafız Zırhı
itm_khergit_guard_armor_pl|Kergit Muhafız Zırhı
itm_felt_steppe_cap|Keçe Kalpak
itm_felt_steppe_cap_pl|Keçe Kalpak
itm_khergit_war_helmet|Kergit Savaş Miğferi
itm_khergit_war_helmet_pl|Kergit Savaş Miğferi
itm_khergit_helmet|Kergit Miğferi
itm_khergit_helmet_pl|Kergit Miğferi
itm_khergit_guard_boots|Kergit Muhafız Çizmesi
itm_khergit_guard_boots_pl|Kergit Muhafız Çizmesi
itm_khergit_guard_helmet|Kergit Muhafız Miğferi
itm_khergit_guard_helmet_pl|Kergit Muhafız Miğferi
itm_khergit_cavalry_helmet|Kergit Süvari Miğferi
itm_khergit_cavalry_helmet_pl|Kergit Süvari Miğferi
itm_black_hood|Kara Başlık
itm_black_hood_pl|Kara Başlık
itm_light_leather|Hafif Deri Giysi
itm_light_leather_pl|Hafif Deri Giysi
itm_light_leather_boots|Hafif Deri Çizme
itm_light_leather_boots_pl|Hafif Deri Çizme
itm_mail_and_plate|Örme Levha Zırh
itm_mail_and_plate_pl|Örme Levha Zırh
itm_light_mail_and_plate|Hafif Örme Levha Zırh
itm_light_mail_and_plate_pl|Hafif Örme Levha Zırh
itm_byzantion_helmet_a|Bizans Miğferi
itm_byzantion_helmet_a_pl|Bizans Miğferi
itm_magyar_helmet_a|Macar Miğferi
itm_magyar_helmet_a_pl|Macar Miğferi
itm_rus_helmet_a|Rus Miğferi
itm_rus_helmet_a_pl|Rus Miğferi
itm_sipahi_helmet_a|Sipahi Miğferi
itm_sipahi_helmet_a_pl|Sipahi Miğferi
itm_shahi|Şahi
itm_shahi_pl|Şahi
itm_rabati|Rabati
itm_rabati_pl|Rabati
itm_tunic_with_green_cape|Yeşil Başlıklı Tunik
itm_tunic_with_green_cape_pl|Yeşil Başlıklı Tunik
itm_keys|Anahtar Yüzüğü
itm_keys_pl|Anahtar Yüzüğü
itm_bride_dress|Gelinlik
itm_bride_dress_pl|Gelinlik
itm_bride_crown|Çiçek Tacı
itm_bride_crown_pl|Çiçek Tacı
itm_bride_shoes|Gelin Ayakkabıları
itm_bride_shoes_pl|Gelin Ayakkabıları
itm_practice_bow_2|Gevşek Yay
itm_practice_bow_2_pl|Gevşek Yay
itm_practice_arrows_2|Küt Uçlu Ok
itm_practice_arrows_2_pl|Küt Uçlu Ok
itm_plate_boots|Plaka Zirhli Çizme
itm_plate_boots_pl|Plaka Zirhli Çizme
itm_mail_boots_for_tableau|Örme Zırh Çizme
itm_mail_boots_for_tableau_pl|Örme Zırh Çizme
itm_warhorse_sarranid|Sarranid Savaş Atı
itm_warhorse_sarranid_pl|Sarranid Savaş Atı
itm_warhorse_steppe|Bozkır Hücum Atı
itm_warhorse_steppe_pl|Bozkır Hücum Atı
itm_items_end|Items End
itm_items_end_pl|Items End
