trp_multiplayer_profile_troop_male|multiplayer profile troop male
trp_multiplayer_profile_troop_male_pl|multiplayer profile troop male
trp_multiplayer_profile_troop_female|multiplayer profile troop female
trp_multiplayer_profile_troop_female_pl|multiplayer profile troop female
trp_temp_troop|Geçici Birlik{***}
trp_temp_troop_pl|geçici birlik
trp_find_item_cheat|find item cheat
trp_find_item_cheat_pl|find item cheat
trp_random_town_sequence|Rastgele Kasaba Sırası
trp_random_town_sequence_pl|Rastgele Kasaba Sırası
trp_tournament_participants|Turnuva Katılımcıları
trp_tournament_participants_pl|Turnuva Katılımcıları
trp_tutorial_maceman|Gürzcü
trp_tutorial_maceman_pl|Gürzcüler
trp_tutorial_archer|Okçu
trp_tutorial_archer_pl|Okçular
trp_tutorial_swordsman|Kılıçlı
trp_tutorial_swordsman_pl|Kılıçlılar
trp_novice_fighter|Acemi Savaşçı
trp_novice_fighter_pl|Acemi Savaşçılar
trp_regular_fighter|Gedikli Savaşçı
trp_regular_fighter_pl|Gedikli Savaşçılar
trp_veteran_fighter|Kıdemli Savaşçı
trp_veteran_fighter_pl|Kıdemli Savaşçılar
trp_champion_fighter|Usta Savaşçı
trp_champion_fighter_pl|Usta Savaşçılar
trp_arena_training_fighter_1|Acemi Savaşçı
trp_arena_training_fighter_1_pl|Acemi Savaşçılar
trp_arena_training_fighter_2|Acemi Savaşçı
trp_arena_training_fighter_2_pl|Acemi Savaşçılar
trp_arena_training_fighter_3|Gedikli Savaşçı
trp_arena_training_fighter_3_pl|Gedikli Savaşçılar
trp_arena_training_fighter_4|Gedikli Savaşçı
trp_arena_training_fighter_4_pl|Gedikli Savaşçılar
trp_arena_training_fighter_5|Gedikli Savaşçı
trp_arena_training_fighter_5_pl|Gedikli Savaşçılar
trp_arena_training_fighter_6|Kıdemli Savaşçı
trp_arena_training_fighter_6_pl|Kıdemli Savaşçılar
trp_arena_training_fighter_7|Kıdemli Savaşçı
trp_arena_training_fighter_7_pl|Kıdemli Savaşçılar
trp_arena_training_fighter_8|Kıdemli Savaşçı
trp_arena_training_fighter_8_pl|Kıdemli Savaşçılar
trp_arena_training_fighter_9|Usta Savaşçı
trp_arena_training_fighter_9_pl|Usta Savaşçılar
trp_arena_training_fighter_10|Usta Savaşçı
trp_arena_training_fighter_10_pl|Usta Savaşçılar
trp_cattle|Sığır
trp_cattle_pl|Sığırlar
trp_farmer|Çiftçi
trp_farmer_pl|Çiftçiler
trp_townsman|Kasabalı
trp_townsman_pl|Kasabalılar
trp_watchman|Gözcü
trp_watchman_pl|Gözcüler
trp_caravan_guard|Kervan Muhafızı
trp_caravan_guard_pl|Kervan Muhafızıları
trp_mercenary_swordsman|Kılıçlı Paralı Asker
trp_mercenary_swordsman_pl|Kılıçlı Paralı Askerler
trp_hired_blade|Kiralık Kılıç
trp_hired_blade_pl|Kiralık Kılıçlar
trp_mercenary_crossbowman|Arbaletli Paralı Asker
trp_mercenary_crossbowman_pl|Arbaletli Paralı Askerler
trp_mercenary_horseman|Atlı Paralı Asker
trp_mercenary_horseman_pl|Atlı Paralı Askerler
trp_mercenary_cavalry|Paralı Süvari
trp_mercenary_cavalry_pl|Paralı Süvariler
trp_mercenaries_end|mercenaries end
trp_mercenaries_end_pl|mercenaries end
trp_swadian_recruit|Svadyalı Acemi
trp_swadian_recruit_pl|Svadyalı Acemiler
trp_swadian_militia|Svadyalı Milis
trp_swadian_militia_pl|Svadyalı Milisler
trp_swadian_footman|Svadyalı Yaya
trp_swadian_footman_pl|Svadyalı Yayalar
trp_swadian_infantry|Svadyalı Piyade
trp_swadian_infantry_pl|Svadyalı Piyadeler
trp_swadian_sergeant|Svadyalı Çavuş
trp_swadian_sergeant_pl|Svadyalı Çavuşlar
trp_swadian_skirmisher|Svadyalı Avcı
trp_swadian_skirmisher_pl|Svadyalı Avcılar
trp_swadian_crossbowman|Svadyalı Arbaletçi
trp_swadian_crossbowman_pl|Svadyalı Arbaletçiler
trp_swadian_sharpshooter|Svadyalı Keskin Nişancı
trp_swadian_sharpshooter_pl|Svadyalı Keskin Nişancılar
trp_swadian_man_at_arms|Svadyalı Zırhlı Süvari
trp_swadian_man_at_arms_pl|Svadyalı Zırhlı Süvariler
trp_swadian_knight|Svadyalı Şövalye
trp_swadian_knight_pl|Svadyalı Şövalyeler
trp_swadian_messenger|Svadyalı Ulak
trp_swadian_messenger_pl|Svadyalı Ulaklar
trp_swadian_deserter|Svadyalı Firari
trp_swadian_deserter_pl|Svadyalı Firariler
trp_swadian_prison_guard|Gardiyan
trp_swadian_prison_guard_pl|Gardiyanlar
trp_swadian_castle_guard|Kale Muhafızı
trp_swadian_castle_guard_pl|Kale Muhafızları
trp_vaegir_recruit|Vaegir Acemisi
trp_vaegir_recruit_pl|Vaegir Acemileri
trp_vaegir_footman|Vaegir Yayası
trp_vaegir_footman_pl|Vaegir Yayaları
trp_vaegir_skirmisher|Vaegir Avcısı
trp_vaegir_skirmisher_pl|Vaegir Avcıları
trp_vaegir_archer|Vaegir Okçusu
trp_vaegir_archer_pl|Vaegir Okçuları
trp_vaegir_marksman|Vaegir Nişancısı
trp_vaegir_marksman_pl|Vaegir Nişancıları
trp_vaegir_veteran|Vaegir Kıdemlisi
trp_vaegir_veteran_pl|Vaegir Kıdemlileri
trp_vaegir_infantry|Vaegir Piyadesi
trp_vaegir_infantry_pl|Vaegir Piyadeleri
trp_vaegir_guard|Vaegir Muhafızı
trp_vaegir_guard_pl|Vaegir Muhafızıları
trp_vaegir_horseman|Vaegir Atlısı
trp_vaegir_horseman_pl|Vaegir Atlıları
trp_vaegir_knight|Vaegir Şövalyesi
trp_vaegir_knight_pl|Vaegir Şövalyeleri
trp_vaegir_messenger|Vaegir Ulağı
trp_vaegir_messenger_pl|Vaegir Ulakları
trp_vaegir_deserter|Vaegir Firarisi
trp_vaegir_deserter_pl|Vaegir Firarileri
trp_vaegir_prison_guard|Gardiyan
trp_vaegir_prison_guard_pl|Gardiyanları
trp_vaegir_castle_guard|Kale Muhafızı
trp_vaegir_castle_guard_pl|Kale Muhafızları
trp_khergit_tribesman|Kergit Askeri
trp_khergit_tribesman_pl|Kergit Askerleri
trp_khergit_skirmisher|Kergit Avcısı
trp_khergit_skirmisher_pl|Kergit Avcıları
trp_khergit_horseman|Kergit Atlısı
trp_khergit_horseman_pl|Kergit Atlıları
trp_khergit_horse_archer|Kergit Atlı Okçusu
trp_khergit_horse_archer_pl|Kergit Atlı Okçuları
trp_khergit_veteran_horse_archer|Kıdemli Kergit Atlı Okçusu
trp_khergit_veteran_horse_archer_pl|Kıdemli Kergit Atlı Okçuları
trp_khergit_lancer|Kergit Kargıcısı
trp_khergit_lancer_pl|Kergit Kargıcıları
trp_khergit_messenger|Kergit Ulağı
trp_khergit_messenger_pl|Kergit Ulakları
trp_khergit_deserter|Kergit Firarisi
trp_khergit_deserter_pl|Kergit Firarileri
trp_khergit_prison_guard|Gardiyan
trp_khergit_prison_guard_pl|Gardiyanları
trp_khergit_castle_guard|Kale Muhafızı
trp_khergit_castle_guard_pl|Kale Muhafızları
trp_nord_recruit|Nord Acemisi
trp_nord_recruit_pl|Nord Acemileri
trp_nord_footman|Nord Yayası
trp_nord_footman_pl|Nord Yayaları
trp_nord_trained_footman|Talimli Nord Yayası
trp_nord_trained_footman_pl|Talimli Nord Yayaları
trp_nord_warrior|Nord Savaşçısı
trp_nord_warrior_pl|Nord Savaşçıları
trp_nord_veteran|Nord Kıdemlisi
trp_nord_veteran_pl|Nord Kıdemlileri
trp_nord_champion|Nord Kahramanı
trp_nord_champion_pl|Nord Kahramanları
trp_nord_huntsman|Nord Avcısı
trp_nord_huntsman_pl|Nord Avcıları
trp_nord_archer|Nord Okçusu
trp_nord_archer_pl|Nord Okçuları
trp_nord_veteran_archer|Kıdemli Nord Okçusu
trp_nord_veteran_archer_pl|Kıdemli Nord Okçuları
trp_nord_messenger|Nord Ulağı
trp_nord_messenger_pl|Nord Ulakları
trp_nord_deserter|Nord Firarisi
trp_nord_deserter_pl|Nord Firarileri
trp_nord_prison_guard|Gardiyan
trp_nord_prison_guard_pl|Gardiyanları
trp_nord_castle_guard|Kale Muhafızı
trp_nord_castle_guard_pl|Kale Muhafızları
trp_rhodok_tribesman|Rodok Askeri
trp_rhodok_tribesman_pl|Rodok Askerleri
trp_rhodok_spearman|Rodok Mızrakçısı
trp_rhodok_spearman_pl|Rodok Mızrakçıları
trp_rhodok_trained_spearman|Talimli Rodok Mızrakçısı
trp_rhodok_trained_spearman_pl|Talimli Rodok Mızrakçıları
trp_rhodok_veteran_spearman|Kıdemli Rodok Mızrakçısı
trp_rhodok_veteran_spearman_pl|Kıdemli Rodok Mızrakçıları
trp_rhodok_sergeant|Rodok Çavuşu
trp_rhodok_sergeant_pl|Rodok Çavuşları
trp_rhodok_crossbowman|Rodok Arbaletçisi
trp_rhodok_crossbowman_pl|Rodok Arbaletçileri
trp_rhodok_trained_crossbowman|Talimli Rodok Arbaletçisi
trp_rhodok_trained_crossbowman_pl|Talimli Rodok Arbaletçileri
trp_rhodok_veteran_crossbowman|Kıdemli Rodok Arbaletçisi
trp_rhodok_veteran_crossbowman_pl|Kıdemli Rodok Arbaletçileri
trp_rhodok_sharpshooter|Rodok Keskin Nişancısı
trp_rhodok_sharpshooter_pl|Rodok Keskin Nişancıları
trp_rhodok_messenger|Rodok Ulağı
trp_rhodok_messenger_pl|Rodok Ulakları
trp_rhodok_deserter|Rodok Firarisi
trp_rhodok_deserter_pl|Rodok Firarileri
trp_rhodok_prison_guard|Gardiyan
trp_rhodok_prison_guard_pl|Gardiyanları
trp_rhodok_castle_guard|Kale Muhafızı
trp_rhodok_castle_guard_pl|Kale Muhafızları
trp_sarranid_recruit|Sarranid Acemisi
trp_sarranid_recruit_pl|Sarranid Acemileri
trp_sarranid_footman|Sarranid Yayası
trp_sarranid_footman_pl|Sarranid Yayaları
trp_sarranid_veteran_footman|Sarranid Kıdemli Yayası
trp_sarranid_veteran_footman_pl|Sarranid Kıdemli Yayaları
trp_sarranid_infantry|Sarranid Piyadesi
trp_sarranid_infantry_pl|Sarranid Piyadeleri
trp_sarranid_guard|Sarranid Muhafızı
trp_sarranid_guard_pl|Sarranid Muhafızları
trp_sarranid_skirmisher|Sarranid Avcısı
trp_sarranid_skirmisher_pl|Sarranid Avcıları
trp_sarranid_archer|Sarranid Okçusu
trp_sarranid_archer_pl|Sarranid Okçuları
trp_sarranid_master_archer|Sarranid Kıdemli Okçusu
trp_sarranid_master_archer_pl|Sarranid Kıdemli Okçuları
trp_sarranid_horseman|Sarranid Atlısı
trp_sarranid_horseman_pl|Sarranid Atlıları
trp_sarranid_mamluke|Sarranid Memlük
trp_sarranid_mamluke_pl|Sarranid Memlüklüleri
trp_sarranid_messenger|Sarranid Ulağı
trp_sarranid_messenger_pl|Sarranid Ulakları
trp_sarranid_deserter|Sarranid Firarisi
trp_sarranid_deserter_pl|Sarranid Firarileri
trp_sarranid_prison_guard|Gardiyan
trp_sarranid_prison_guard_pl|Gardiyanları
trp_sarranid_castle_guard|Kale Muhafızı
trp_sarranid_castle_guard_pl|Kale Muhafızları
trp_looter|Çapulcu
trp_looter_pl|Çapulcuları
trp_bandit|Haydut
trp_bandit_pl|Haydutları
trp_brigand|Eşkıya
trp_brigand_pl|Eşkıyaları
trp_mountain_bandit|Dağ Haydutu
trp_mountain_bandit_pl|Dağ Haydutları
trp_forest_bandit|Orman Haydutu
trp_forest_bandit_pl|Orman Haydutları
trp_sea_raider|Yağmacı
trp_sea_raider_pl|Yağmacıları
trp_steppe_bandit|Bozkır Haydutu
trp_steppe_bandit_pl|Bozkır Haydutları
trp_taiga_bandit|Tundra Haydutu
trp_taiga_bandit_pl|Tundra Haydutları
trp_desert_bandit|Harami
trp_desert_bandit_pl|Haramiler
trp_black_khergit_horseman|Kara Kergit Atlısı
trp_black_khergit_horseman_pl|Kara Kergit Atlıları
trp_manhunter|Kelle Avcısı
trp_manhunter_pl|Kelle Avcıları
trp_slave_driver|Köle Başı
trp_slave_driver_pl|Köle Başları
trp_slave_hunter|Köle Avcısı
trp_slave_hunter_pl|Köle Avcıları
trp_slave_crusher|Köle Kıran
trp_slave_crusher_pl|Köle Kıranlar
trp_slaver_chief|Kelleci Reisi
trp_slaver_chief_pl|Kelleci Reisleri
trp_follower_woman|Yandaş Kadın
trp_follower_woman_pl|Yandaş Kadınlar
trp_hunter_woman|Avcı Kadın
trp_hunter_woman_pl|Avcı Kadınlar
trp_fighter_woman|Savaşçı Kadın
trp_fighter_woman_pl|Savaşçı Kadınlar
trp_sword_sister|Kılıç Kardeşi
trp_sword_sister_pl|Kılıç Kardeşleri
trp_refugee|Mülteci
trp_refugee_pl|Mülteciler
trp_peasant_woman|Köylü Kadın
trp_peasant_woman_pl|Köylü Kadınlar
trp_caravan_master|Kervan Başı
trp_caravan_master_pl|Kervan Başları
trp_kidnapped_girl|Rehine Kız
trp_kidnapped_girl_pl|Rehine Kızlar
trp_town_walker_1|Şehirli adam
trp_town_walker_1_pl|Şehirli adamlar
trp_town_walker_2|Şehirli kadın
trp_town_walker_2_pl|Şehirli kadınlar
trp_khergit_townsman|Kergitli Şehirli Adam
trp_khergit_townsman_pl|Kergitli Şehirli Adamlar
trp_khergit_townswoman|Kergitli Şehirli Kadın
trp_khergit_townswoman_pl|Kergitli Şehirli Kadınlar
trp_sarranid_townsman|Sarranidli Şehirli Adam
trp_sarranid_townsman_pl|Sarranidli Şehirli Adamlar
trp_sarranid_townswoman|Sarranidli Şehirli Kadın
trp_sarranid_townswoman_pl|Sarranidli Şehirli Kadınlar
trp_village_walker_1|Köylü
trp_village_walker_1_pl|Köylüler
trp_village_walker_2|Köylü
trp_village_walker_2_pl|Köylüler
trp_spy_walker_1|Şehirli adam
trp_spy_walker_1_pl|Şehirli adamlar
trp_spy_walker_2|Şehirli kadın
trp_spy_walker_2_pl|Şehirli kadınlar
trp_tournament_master|Turnuva Yöneticisi
trp_tournament_master_pl|Turnuva Yöneticileri
trp_trainer|Eğitmen
trp_trainer_pl|Eğitmenler
trp_constable_hareck|Kahya Harek
trp_constable_hareck_pl|Kahya Harek
trp_ramun_the_slave_trader|Köle Taciri Ramun
trp_ramun_the_slave_trader_pl|Köle Taciri Ramun
trp_guide|Hızlı Jimmy
trp_guide_pl|Hızlı Jimmy
trp_xerina|Zerina
trp_xerina_pl|Zerina
trp_dranton|Dranton
trp_dranton_pl|Dranton
trp_kradus|Kradus
trp_kradus_pl|Kradus
trp_tutorial_trainer|Talim Alanı Üstadı
trp_tutorial_trainer_pl|Talim Alanı Üstadı
trp_galeas|Galeas
trp_galeas_pl|Galeas
trp_farmer_from_bandit_village|Çiftçi
trp_farmer_from_bandit_village_pl|Çiftçiler
trp_trainer_1|Eğitmen
trp_trainer_1_pl|Eğitmenler
trp_trainer_2|Eğitmen
trp_trainer_2_pl|Eğitmenler
trp_trainer_3|Eğitmen
trp_trainer_3_pl|Eğitmenler
trp_trainer_4|Eğitmen
trp_trainer_4_pl|Eğitmenler
trp_trainer_5|Eğitmen
trp_trainer_5_pl|Eğitmenler
trp_ransom_broker_1|Köle Tüccarı
trp_ransom_broker_1_pl|Köle Tüccarıları
trp_ransom_broker_2|Köle Tüccarı
trp_ransom_broker_2_pl|Köle Tüccarıları
trp_ransom_broker_3|Köle Tüccarı
trp_ransom_broker_3_pl|Köle Tüccarıları
trp_ransom_broker_4|Köle Tüccarı
trp_ransom_broker_4_pl|Köle Tüccarıları
trp_ransom_broker_5|Köle Tüccarı
trp_ransom_broker_5_pl|Köle Tüccarıları
trp_ransom_broker_6|Köle Tüccarı
trp_ransom_broker_6_pl|Köle Tüccarıları
trp_ransom_broker_7|Köle Tüccarı
trp_ransom_broker_7_pl|Köle Tüccarıları
trp_ransom_broker_8|Köle Tüccarı
trp_ransom_broker_8_pl|Köle Tüccarıları
trp_ransom_broker_9|Köle Tüccarı
trp_ransom_broker_9_pl|Köle Tüccarıları
trp_ransom_broker_10|Köle Tüccarı
trp_ransom_broker_10_pl|Köle Tüccarıları
trp_tavern_traveler_1|Gezgin
trp_tavern_traveler_1_pl|Gezginler
trp_tavern_traveler_2|Gezgin
trp_tavern_traveler_2_pl|Gezginler
trp_tavern_traveler_3|Gezgin
trp_tavern_traveler_3_pl|Gezginler
trp_tavern_traveler_4|Gezgin
trp_tavern_traveler_4_pl|Gezginler
trp_tavern_traveler_5|Gezgin
trp_tavern_traveler_5_pl|Gezginler
trp_tavern_traveler_6|Gezgin
trp_tavern_traveler_6_pl|Gezginler
trp_tavern_traveler_7|Gezgin
trp_tavern_traveler_7_pl|Gezginler
trp_tavern_traveler_8|Gezgin
trp_tavern_traveler_8_pl|Gezginler
trp_tavern_traveler_9|Gezgin
trp_tavern_traveler_9_pl|Gezginler
trp_tavern_traveler_10|Gezgin
trp_tavern_traveler_10_pl|Gezginler
trp_tavern_bookseller_1|Kitap Tüccarı
trp_tavern_bookseller_1_pl|Kitap Tüccarılar
trp_tavern_bookseller_2|Kitap Tüccarı
trp_tavern_bookseller_2_pl|Kitap Tüccarılar
trp_tavern_minstrel_1|Gezgin Ozan
trp_tavern_minstrel_1_pl|Ozanlar
trp_tavern_minstrel_2|Gezgin Saz Şairi
trp_tavern_minstrel_2_pl|Ozanlar
trp_tavern_minstrel_3|Gezgin Aşık
trp_tavern_minstrel_3_pl|Ozanlar
trp_tavern_minstrel_4|Gezgin Halk Ozanı
trp_tavern_minstrel_4_pl|Ozanlar
trp_tavern_minstrel_5|Gezgin Şair
trp_tavern_minstrel_5_pl|Ozanlar
trp_kingdom_heroes_including_player_begin|Oyucunun da dahil olduğu krallık kahramanları başlasın
trp_kingdom_heroes_including_player_begin_pl|Oyucunun da dahil olduğu krallık kahramanları başlasın
trp_npc1|Borcha
trp_npc1_pl|Borcha
trp_npc2|Marnid
trp_npc2_pl|Marnid
trp_npc3|Ymira
trp_npc3_pl|Ymira
trp_npc4|Rolf
trp_npc4_pl|Rolf
trp_npc5|Baheshtur
trp_npc5_pl|Baheshtur
trp_npc6|Firentis
trp_npc6_pl|Firentis
trp_npc7|Deshavi
trp_npc7_pl|Deshavi
trp_npc8|Matheld
trp_npc8_pl|Matheld
trp_npc9|Alayen
trp_npc9_pl|Alayen
trp_npc10|Bunduk
trp_npc10_pl|Bunduk
trp_npc11|Katrin
trp_npc11_pl|Katrin
trp_npc12|Jeremus
trp_npc12_pl|Jeremus
trp_npc13|Nizar
trp_npc13_pl|Nizar
trp_npc14|Lezalit
trp_npc14_pl|Lezalit
trp_npc15|Artimenner
trp_npc15_pl|Artimenner
trp_npc16|Klethi
trp_npc16_pl|Klethi
trp_kingdom_1_lord|Kral Harlaus
trp_kingdom_1_lord_pl|Harlaus
trp_kingdom_2_lord|Kral Yaroglek
trp_kingdom_2_lord_pl|Yaroglek
trp_kingdom_3_lord|Sancar Han
trp_kingdom_3_lord_pl|Sancar
trp_kingdom_4_lord|Kral Ragnar
trp_kingdom_4_lord_pl|Ragnar
trp_kingdom_5_lord|Kral Graveth
trp_kingdom_5_lord_pl|Graveth
trp_kingdom_6_lord|Sultan Hakim
trp_kingdom_6_lord_pl|Hakim
trp_knight_1_1|Kont Klargus
trp_knight_1_1_pl|Klargus
trp_knight_1_2|Kont Plais
trp_knight_1_2_pl|Plais
trp_knight_1_3|Kont Mirchaud
trp_knight_1_3_pl|Mirchaud
trp_knight_1_4|Kont Stamar
trp_knight_1_4_pl|Stamar
trp_knight_1_5|Kont Ryis
trp_knight_1_5_pl|Ryis
trp_knight_1_6|Kont Meltor
trp_knight_1_6_pl|Meltor
trp_knight_1_7|Kont Beranz
trp_knight_1_7_pl|Beranz
trp_knight_1_8|Kont Pelagnar
trp_knight_1_8_pl|Pelagnar
trp_knight_1_9|Kont Regos
trp_knight_1_9_pl|Regos
trp_knight_1_10|Kont Grainwad
trp_knight_1_10_pl|Grainwad
trp_knight_1_11|Kont Devlian
trp_knight_1_11_pl|Devlian
trp_knight_1_12|Kont Rafarch
trp_knight_1_12_pl|Rafarch
trp_knight_1_13|Kont Rochabarth
trp_knight_1_13_pl|Rochabarth
trp_knight_1_14|Kont Delinard
trp_knight_1_14_pl|Delinard
trp_knight_1_15|Kont Haringoth
trp_knight_1_15_pl|Haringoth
trp_knight_1_16|Kont Despin
trp_knight_1_16_pl|knight 1 6
trp_knight_1_17|Kont Montewar
trp_knight_1_17_pl|Montewar
trp_knight_1_18|Kont Clais
trp_knight_1_18_pl|Clais
trp_knight_1_19|Kont Deglan
trp_knight_1_19_pl|Deglan
trp_knight_1_20|Kont Tredian
trp_knight_1_20_pl|Tredian
trp_knight_2_1|Lord Vuldrat
trp_knight_2_1_pl|Vuldrat
trp_knight_2_2|Lord Naldera
trp_knight_2_2_pl|Naldera
trp_knight_2_3|Lord Meriga
trp_knight_2_3_pl|Meriga
trp_knight_2_4|Lord Khavel
trp_knight_2_4_pl|Khavel
trp_knight_2_5|Lord Doru
trp_knight_2_5_pl|Doru
trp_knight_2_6|Lord Belgaru
trp_knight_2_6_pl|Belgaru
trp_knight_2_7|Lord Ralcha
trp_knight_2_7_pl|Ralcha
trp_knight_2_8|Lord Vlan
trp_knight_2_8_pl|Vlan
trp_knight_2_9|Lord Mleza
trp_knight_2_9_pl|Mleza
trp_knight_2_10|Lord Nelag
trp_knight_2_10_pl|Nelag
trp_knight_2_11|Lord Crahask
trp_knight_2_11_pl|Crahask
trp_knight_2_12|Lord Bracha
trp_knight_2_12_pl|Bracha
trp_knight_2_13|Lord Druli
trp_knight_2_13_pl|Druli
trp_knight_2_14|Lord Marmun
trp_knight_2_14_pl|Marmun
trp_knight_2_15|Lord Gastya
trp_knight_2_15_pl|Gastya
trp_knight_2_16|Lord Harish
trp_knight_2_16_pl|Harish
trp_knight_2_17|Lord Taisa
trp_knight_2_17_pl|Taisa
trp_knight_2_18|Lord Valishin
trp_knight_2_18_pl|Valishin
trp_knight_2_19|Lord Rudin
trp_knight_2_19_pl|Rudin
trp_knight_2_20|Lord Kumipa
trp_knight_2_20_pl|Kumipa
trp_knight_3_1|Alagur Noyan
trp_knight_3_1_pl|knight 3 1
trp_knight_3_2|Tonju Noyan
trp_knight_3_2_pl|Tonju
trp_knight_3_3|Belir Noyan
trp_knight_3_3_pl|Belir
trp_knight_3_4|Asugan Noyan
trp_knight_3_4_pl|Asugan
trp_knight_3_5|Brula Noyan
trp_knight_3_5_pl|Brula
trp_knight_3_6|Imirza Noyan
trp_knight_3_6_pl|Imirza
trp_knight_3_7|Urumuda Noyan
trp_knight_3_7_pl|Urumuda
trp_knight_3_8|Kramuk Noyan
trp_knight_3_8_pl|Kramuk
trp_knight_3_9|Chaurka Noyan
trp_knight_3_9_pl|Chaurka
trp_knight_3_10|Sebula Noyan
trp_knight_3_10_pl|Sebula
trp_knight_3_11|Tulug Noyan
trp_knight_3_11_pl|Tulug
trp_knight_3_12|Nasugei Noyan
trp_knight_3_12_pl|Nasugei
trp_knight_3_13|Urubay Noyan
trp_knight_3_13_pl|Urubay
trp_knight_3_14|Hugu Noyan
trp_knight_3_14_pl|Hugu
trp_knight_3_15|Tansugai Noyan
trp_knight_3_15_pl|Tansugai
trp_knight_3_16|Tirida Noyan
trp_knight_3_16_pl|Tirida
trp_knight_3_17|Ulusamai Noyan
trp_knight_3_17_pl|Ulusamai
trp_knight_3_18|Karaban Noyan
trp_knight_3_18_pl|Karaban
trp_knight_3_19|Akadan Noyan
trp_knight_3_19_pl|Akadan
trp_knight_3_20|Dundush Noyan
trp_knight_3_20_pl|Dundush
trp_knight_4_1|Kont Aedin
trp_knight_4_1_pl|Aedin
trp_knight_4_2|Kont Irya
trp_knight_4_2_pl|Irya
trp_knight_4_3|Kont Olaf
trp_knight_4_3_pl|Olaf
trp_knight_4_4|Kont Reamald
trp_knight_4_4_pl|Reamald
trp_knight_4_5|Kont Turya
trp_knight_4_5_pl|Turya
trp_knight_4_6|Kont Gundur
trp_knight_4_6_pl|Gundur
trp_knight_4_7|Kont Harald
trp_knight_4_7_pl|Harald
trp_knight_4_8|Kont Knudarr
trp_knight_4_8_pl|Knudarr
trp_knight_4_9|Kont Haeda
trp_knight_4_9_pl|Haeda
trp_knight_4_10|Kont Turegor
trp_knight_4_10_pl|Turegor
trp_knight_4_11|Kont Logarson
trp_knight_4_11_pl|Logarson
trp_knight_4_12|Kont Aeric
trp_knight_4_12_pl|Aeric
trp_knight_4_13|Kont Faarn
trp_knight_4_13_pl|Faarn
trp_knight_4_14|Kont Bulba
trp_knight_4_14_pl|Bulba
trp_knight_4_15|Kont Rayeck
trp_knight_4_15_pl|Rayeck
trp_knight_4_16|Kont Dirigun
trp_knight_4_16_pl|Dirigun
trp_knight_4_17|Kont Marayirr
trp_knight_4_17_pl|Marayirr
trp_knight_4_18|Kont Gearth
trp_knight_4_18_pl|Gearth
trp_knight_4_19|Kont Surdun
trp_knight_4_19_pl|Surdun
trp_knight_4_20|Kont Gerlad
trp_knight_4_20_pl|Gerlad
trp_knight_5_1|Kont Matheas
trp_knight_5_1_pl|Matheas
trp_knight_5_2|Kont Gutlans
trp_knight_5_2_pl|Gutlans
trp_knight_5_3|Kont Laruqen
trp_knight_5_3_pl|Laruqen
trp_knight_5_4|Kont Raichs
trp_knight_5_4_pl|Raichs
trp_knight_5_5|Kont Reland
trp_knight_5_5_pl|Reland
trp_knight_5_6|Kont Tarchias
trp_knight_5_6_pl|Tarchias
trp_knight_5_7|Kont Gharmall
trp_knight_5_7_pl|Gharmall
trp_knight_5_8|Kont Talbar
trp_knight_5_8_pl|Talbar
trp_knight_5_9|Kont Rimusk
trp_knight_5_9_pl|Rimusk
trp_knight_5_10|Kont Falsevor
trp_knight_5_10_pl|Falsevor
trp_knight_5_11|Kont Etrosq
trp_knight_5_11_pl|Falsevor
trp_knight_5_12|Kont Kurnias
trp_knight_5_12_pl|Kurnias
trp_knight_5_13|Kont Tellrog
trp_knight_5_13_pl|Tellrog
trp_knight_5_14|Kont Tribidan
trp_knight_5_14_pl|Tribidan
trp_knight_5_15|Kont Gerluchs
trp_knight_5_15_pl|Gerluchs
trp_knight_5_16|Kont Fudreim
trp_knight_5_16_pl|Fudreim
trp_knight_5_17|Kont Nealcha
trp_knight_5_17_pl|Nealcha
trp_knight_5_18|Kont Fraichin
trp_knight_5_18_pl|Fraichin
trp_knight_5_19|Kont Trimbau
trp_knight_5_19_pl|Trimbau
trp_knight_5_20|Kont Reichsin
trp_knight_5_20_pl|Reichsin
trp_knight_6_1|Emir Uqais
trp_knight_6_1_pl|Uqais
trp_knight_6_2|Emir Hamezan
trp_knight_6_2_pl|Hamezan
trp_knight_6_3|Emir Atis
trp_knight_6_3_pl|Atis
trp_knight_6_4|Emir Nuwas
trp_knight_6_4_pl|Nuwas
trp_knight_6_5|Emir Mundhalir
trp_knight_6_5_pl|Mundhalir
trp_knight_6_6|Emir Ghanawa
trp_knight_6_6_pl|Ghanawa
trp_knight_6_7|Emir Nuam
trp_knight_6_7_pl|Nuam
trp_knight_6_8|Emir Dhiyul
trp_knight_6_8_pl|Dhiyul
trp_knight_6_9|Emir Lakhem
trp_knight_6_9_pl|Lakhem
trp_knight_6_10|Emir Ghulassen
trp_knight_6_10_pl|Ghulassen
trp_knight_6_11|Emir Azadun
trp_knight_6_11_pl|Azadun
trp_knight_6_12|Emir Quryas
trp_knight_6_12_pl|Quryas
trp_knight_6_13|Emir Amdar
trp_knight_6_13_pl|Amdar
trp_knight_6_14|Emir Hiwan
trp_knight_6_14_pl|Hiwan
trp_knight_6_15|Emir Muhnir
trp_knight_6_15_pl|Muhnir
trp_knight_6_16|Emir Ayyam
trp_knight_6_16_pl|Ayyam
trp_knight_6_17|Emir Raddoun
trp_knight_6_17_pl|Raddoun
trp_knight_6_18|Emir Tilimsan
trp_knight_6_18_pl|Tilimsan
trp_knight_6_19|Emir Dhashwal
trp_knight_6_19_pl|Dhashwal
trp_knight_6_20|Emir Biliya
trp_knight_6_20_pl|Biliya
trp_kingdom_1_pretender|Suno Leydisi Isolla
trp_kingdom_1_pretender_pl|Isolla
trp_kingdom_2_pretender|Prens Piç Valdym
trp_kingdom_2_pretender_pl|Valdym
trp_kingdom_3_pretender|Dustum Han
trp_kingdom_3_pretender_pl|Dustum
trp_kingdom_4_pretender|Lethwin Ufuk-aşan
trp_kingdom_4_pretender_pl|Lethwin
trp_kingdom_5_pretender|Veluca Lordu Kastor
trp_kingdom_5_pretender_pl|Kastor
trp_kingdom_6_pretender|İncili Arwa
trp_kingdom_6_pretender_pl|Arwa
trp_knight_1_1_wife|Lady Anna
trp_knight_1_1_wife_pl|Anna
trp_kingdom_1_lady_1|Lady Anna
trp_kingdom_1_lady_1_pl|Anna
trp_kingdom_1_lady_2|Leydi Nelda
trp_kingdom_1_lady_2_pl|Nelda
trp_knight_1_lady_3|Leydi Bela
trp_knight_1_lady_3_pl|Bela
trp_knight_1_lady_4|Leydi Elina
trp_knight_1_lady_4_pl|Elina
trp_kingdom_l_lady_5|Leydi Constanis
trp_kingdom_l_lady_5_pl|Constanis
trp_kingdom_1_lady_6|Leydi Vera
trp_kingdom_1_lady_6_pl|Vera
trp_kingdom_1_lady_7|Leydi Auberina
trp_kingdom_1_lady_7_pl|Auberina
trp_kingdom_1_lady_8|Leydi Tibal
trp_kingdom_1_lady_8_pl|Tibal
trp_kingdom_1_lady_9|Leydi Magar
trp_kingdom_1_lady_9_pl|Magar
trp_kingdom_1_lady_10|Leydi Thedosa
trp_kingdom_1_lady_10_pl|Thedosa
trp_kingdom_1_lady_11|Leydi Melisar
trp_kingdom_1_lady_11_pl|Melisar
trp_kingdom_1_lady_12|Leydi Irena
trp_kingdom_1_lady_12_pl|Irena
trp_kingdom_l_lady_13|Leydi Philenna
trp_kingdom_l_lady_13_pl|Philenna
trp_kingdom_1_lady_14|Leydi Sonadel
trp_kingdom_1_lady_14_pl|Sonadel
trp_kingdom_1_lady_15|Leydi Boadila
trp_kingdom_1_lady_15_pl|Boadila
trp_kingdom_1_lady_16|Leydi Elys
trp_kingdom_1_lady_16_pl|Elys
trp_kingdom_1_lady_17|Leydi Johana
trp_kingdom_1_lady_17_pl|Johana
trp_kingdom_1_lady_18|Leydi Bernatys
trp_kingdom_1_lady_18_pl|Bernatys
trp_kingdom_1_lady_19|Leydi Enricata
trp_kingdom_1_lady_19_pl|Enricata
trp_kingdom_1_lady_20|Leydi Gaeta
trp_kingdom_1_lady_20_pl|Gaeta
trp_kingdom_2_lady_1|Leydi Junitha
trp_kingdom_2_lady_1_pl|Junitha
trp_kingdom_2_lady_2|Leydi Katia
trp_kingdom_2_lady_2_pl|Katia
trp_kingdom_2_lady_3|Leydi Seomis
trp_kingdom_2_lady_3_pl|Seomis
trp_kingdom_2_lady_4|Leydi Drina
trp_kingdom_2_lady_4_pl|Drina
trp_kingdom_2_lady_5|Leydi Nesha
trp_kingdom_2_lady_5_pl|Nesha
trp_kingdom_2_lady_6|Leydi Tabath
trp_kingdom_2_lady_6_pl|Tabath
trp_kingdom_2_lady_7|Leydi Pelaeka
trp_kingdom_2_lady_7_pl|Pelaeka
trp_kingdom_2_lady_8|Leydi Haris
trp_kingdom_2_lady_8_pl|Haris
trp_kingdom_2_lady_9|Leydi Vayen
trp_kingdom_2_lady_9_pl|Vayen
trp_kingdom_2_lady_10|Leydi Joaka
trp_kingdom_2_lady_10_pl|Joaka
trp_kingdom_2_lady_11|Leydi Tejina
trp_kingdom_2_lady_11_pl|Tejina
trp_kingdom_2_lady_12|Leydi Olekseia
trp_kingdom_2_lady_12_pl|Olekseia
trp_kingdom_2_lady_13|Leydi Myntha
trp_kingdom_2_lady_13_pl|Myntha
trp_kingdom_2_lady_14|Leydi Akilina
trp_kingdom_2_lady_14_pl|Akilina
trp_kingdom_2_lady_15|Leydi Sepana
trp_kingdom_2_lady_15_pl|Sepana
trp_kingdom_2_lady_16|Leydi Iarina
trp_kingdom_2_lady_16_pl|Iarina
trp_kingdom_2_lady_17|Leydi Sihavan
trp_kingdom_2_lady_17_pl|Sihavan
trp_kingdom_2_lady_18|Leydi Erenchina
trp_kingdom_2_lady_18_pl|Erenchina
trp_kingdom_2_lady_19|Leydi Tamar
trp_kingdom_2_lady_19_pl|Tamar
trp_kingdom_2_lady_20|Leydi Valka
trp_kingdom_2_lady_20_pl|Valka
trp_kingdom_3_lady_1|Leydi Borge
trp_kingdom_3_lady_1_pl|Borge
trp_kingdom_3_lady_2|Leydi Tuan
trp_kingdom_3_lady_2_pl|Tuan
trp_kingdom_3_lady_3|Leydi Mahraz
trp_kingdom_3_lady_3_pl|Mahraz
trp_kingdom_3_lady_4|Leydi Ayasu
trp_kingdom_3_lady_4_pl|Ayasu
trp_kingdom_3_lady_5|Leydi Ravin
trp_kingdom_3_lady_5_pl|Ravin
trp_kingdom_3_lady_6|Leydi Ruha
trp_kingdom_3_lady_6_pl|Ruha
trp_kingdom_3_lady_7|Leydi Chedina
trp_kingdom_3_lady_7_pl|Chedina
trp_kingdom_3_lady_8|Leydi Kefra
trp_kingdom_3_lady_8_pl|Kefra
trp_kingdom_3_lady_9|Leydi Nirvaz
trp_kingdom_3_lady_9_pl|Nirvaz
trp_kingdom_3_lady_10|Leydi Dulua
trp_kingdom_3_lady_10_pl|Dulua
trp_kingdom_3_lady_11|Leydi Selik
trp_kingdom_3_lady_11_pl|Selik
trp_kingdom_3_lady_12|Leydi Thalatha
trp_kingdom_3_lady_12_pl|Thalatha
trp_kingdom_3_lady_13|Leydi Yasreen
trp_kingdom_3_lady_13_pl|Yasreen
trp_kingdom_3_lady_14|Leydi Nadha
trp_kingdom_3_lady_14_pl|Nadha
trp_kingdom_3_lady_15|Leydi Zenur
trp_kingdom_3_lady_15_pl|Zenur
trp_kingdom_3_lady_16|Leydi Arjis
trp_kingdom_3_lady_16_pl|Zenur
trp_kingdom_3_lady_17|Leydi Atjahan
trp_kingdom_3_lady_17_pl|Atjahan
trp_kingdom_3_lady_18|Leydi Qutala
trp_kingdom_3_lady_18_pl|Qutala
trp_kingdom_3_lady_19|Leydi Hindal
trp_kingdom_3_lady_19_pl|Hindal
trp_kingdom_3_lady_20|Leydi Mechet
trp_kingdom_3_lady_20_pl|Mechet
trp_kingdom_4_lady_1|Leydi Jadeth
trp_kingdom_4_lady_1_pl|Jadeth
trp_kingdom_4_lady_2|Leydi Miar
trp_kingdom_4_lady_2_pl|Miar
trp_kingdom_4_lady_3|Leydi Dria
trp_kingdom_4_lady_3_pl|Dria
trp_kingdom_4_lady_4|Leydi Glunde
trp_kingdom_4_lady_4_pl|Glunde
trp_kingdom_4_lady_5|Leydi Loeka
trp_kingdom_4_lady_5_pl|Loeka
trp_kingdom_4_lady_6|Leydi Bryn
trp_kingdom_4_lady_6_pl|Bryn
trp_kingdom_4_lady_7|Leydi Eir
trp_kingdom_4_lady_7_pl|Eir
trp_knight_4_2b_daughter|Leydi Gudrun
trp_knight_4_2b_daughter_pl|Gudrun
trp_kingdom_4_lady_9|Leydi Hild
trp_kingdom_4_lady_9_pl|Hild
trp_knight_4_2c_wife|Leydi Aesa
trp_knight_4_2c_wife_pl|Aesa
trp_kingdom_4_lady_11|Leydi Herjasa
trp_kingdom_4_lady_11_pl|Herjasa
trp_knight_4_2c_daughter|Leydi Svipul
trp_knight_4_2c_daughter_pl|Svipul
trp_knight_4_1b_wife|Leydi Ingunn
trp_knight_4_1b_wife_pl|Ingunn
trp_kingdom_4_lady_14|Leydi Kaeteli
trp_kingdom_4_lady_14_pl|Kaeteli
trp_knight_4_1b_daughter|Leydi Eilif
trp_knight_4_1b_daughter_pl|Eilif
trp_knight_4_2b_daughter|Leydi Gudrun
trp_knight_4_2b_daughter_pl|Gudrun
trp_kingdom_4_lady_17|Leydi Bergit
trp_kingdom_4_lady_17_pl|Bergit
trp_knight_4_2c_wife|Leydi Aesa
trp_knight_4_2c_wife_pl|Aesa
trp_knight_4_1c_daughter|Leydi Alfrun
trp_knight_4_1c_daughter_pl|Alfrun
trp_kingdom_4_lady_20|Leydi Afrid
trp_kingdom_4_lady_20_pl|Afrid
trp_kingdom_5_lady_1|Leydi Brina
trp_kingdom_5_lady_1_pl|Brina
trp_kingdom_5_lady_2|Leydi Aliena
trp_kingdom_5_lady_2_pl|Aliena
trp_kingdom_5_lady_3|Leydi Aneth
trp_kingdom_5_lady_3_pl|Aneth
trp_kingdom_5_lady_4|Leydi Reada
trp_kingdom_5_lady_4_pl|Reada
trp_kingdom_5_5_wife|Leydi Saraten
trp_kingdom_5_5_wife_pl|Saraten
trp_kingdom_5_2b_wife|Leydi Miraeia
trp_kingdom_5_2b_wife_pl|Miraeia
trp_kingdom_5_1c_daughter|Leydi Ellian
trp_kingdom_5_1c_daughter_pl|Ellian
trp_kingdom_5_2c_daughter|Leydi Claudora
trp_kingdom_5_2c_daughter_pl|Claudora
trp_kingdom_5_1c_wife|Leydi Gwenael
trp_kingdom_5_1c_wife_pl|Gwenael
trp_kingdom_5_2c_wife|Leydi Ysueth
trp_kingdom_5_2c_wife_pl|Ysueth
trp_kingdom_5_1c_daughter|Leydi Ellian
trp_kingdom_5_1c_daughter_pl|Ellian
trp_kingdom_5_2c_daughter|Leydi Claudora
trp_kingdom_5_2c_daughter_pl|Claudora
trp_kingdom_5_1b_wife|Leydi Anais
trp_kingdom_5_1b_wife_pl|Anais
trp_kingdom_5_2b_wife|Leydi Miraeia
trp_kingdom_5_2b_wife_pl|Miraeia
trp_kingdom_5_1c_daughter|Leydi Ellian
trp_kingdom_5_1c_daughter_pl|Ellian
trp_kingdom_5_lady_16|Leydi Geneiava
trp_kingdom_5_lady_16_pl|Geneiava
trp_kingdom_5_1c_wife|Leydi Gwenael
trp_kingdom_5_1c_wife_pl|Gwenael
trp_kingdom_5_2c_wife|Leydi Ysueth
trp_kingdom_5_2c_wife_pl|Ysueth
trp_kingdom_5_1c_daughter|Leydi Ellian
trp_kingdom_5_1c_daughter_pl|Ellian
trp_kingdom_5_lady_20|Leydi Timethi
trp_kingdom_5_lady_20_pl|Timethi
trp_kingdom_6_lady_1|Leydi Rayma
trp_kingdom_6_lady_1_pl|Rayma
trp_kingdom_6_lady_2|Leydi Thanaikha
trp_kingdom_6_lady_2_pl|Thanaikha
trp_kingdom_6_lady_3|Leydi Sulaha
trp_kingdom_6_lady_3_pl|Sulaha
trp_kingdom_6_lady_4|Leydi Shatha
trp_kingdom_6_lady_4_pl|Shatha
trp_kingdom_6_lady_5|Leydi Bawthan
trp_kingdom_6_lady_5_pl|Bawthan
trp_kingdom_6_lady_6|Leydi Mahayl
trp_kingdom_6_lady_6_pl|Mahayl
trp_kingdom_6_lady_7|Leydi Isna
trp_kingdom_6_lady_7_pl|Isna
trp_kingdom_6_lady_8|Leydi Siyafan
trp_kingdom_6_lady_8_pl|Siyafan
trp_kingdom_6_lady_9|Leydi Ifar
trp_kingdom_6_lady_9_pl|Ifar
trp_kingdom_6_lady_10|Leydi Yasmin
trp_kingdom_6_lady_10_pl|Yasmin
trp_kingdom_6_lady_11|Leydi Dula
trp_kingdom_6_lady_11_pl|Dula
trp_kingdom_6_lady_12|Leydi Ruwa
trp_kingdom_6_lady_12_pl|Ruwa
trp_kingdom_6_lady_13|Leydi Luqa
trp_kingdom_6_lady_13_pl|Luqa
trp_kingdom_6_lady_14|Leydi Zandina
trp_kingdom_6_lady_14_pl|Zandina
trp_kingdom_6_lady_15|Leydi Lulya
trp_kingdom_6_lady_15_pl|Lulya
trp_kingdom_6_lady_16|Leydi Zahara
trp_kingdom_6_lady_16_pl|Zahara
trp_kingdom_6_lady_17|Leydi Safiya
trp_kingdom_6_lady_17_pl|Safiya
trp_kingdom_6_lady_18|Leydi Khalisa
trp_kingdom_6_lady_18_pl|Khalisa
trp_kingdom_6_lady_19|Leydi Janab
trp_kingdom_6_lady_19_pl|Janab
trp_kingdom_6_lady_20|Leydi Sur
trp_kingdom_6_lady_20_pl|Sur
trp_town_1_arena_master|Turnuva Başı
trp_town_2_arena_master|Turnuva Başı
trp_town_3_arena_master|Turnuva Başı
trp_town_4_arena_master|Turnuva Başı
trp_town_5_arena_master|Turnuva Başı
trp_town_6_arena_master|Turnuva Başı
trp_town_7_arena_master|Turnuva Başı
trp_town_8_arena_master|Turnuva Başı
trp_town_9_arena_master|Turnuva Başı
trp_town_10_arena_master|Turnuva Başı
trp_town_11_arena_master|Turnuva Başı
trp_town_12_arena_master|Turnuva Başı
trp_town_13_arena_master|Turnuva Başı
trp_town_14_arena_master|Turnuva Başı
trp_town_15_arena_master|Turnuva Başı
trp_town_16_arena_master|Turnuva Başı
trp_town_17_arena_master|Turnuva Başı
trp_town_18_arena_master|Turnuva Başı
trp_town_19_arena_master|Turnuva Başı
trp_town_20_arena_master|Turnuva Başı
trp_town_21_arena_master|Turnuva Başı
trp_town_22_arena_master|Turnuva Başı
trp_town_1_armorer|Urumuda
trp_town_2_armorer|Alin
trp_town_3_armorer|Ganzo
trp_town_4_armorer|Beranz
trp_town_5_armorer|Mirchaud
trp_town_6_armorer|Stamar
trp_town_7_armorer|Regos
trp_town_8_armorer|Meltor
trp_town_9_armorer|Imirza
trp_town_10_armorer|Rimusk
trp_town_11_armorer|Talbar
trp_town_12_armorer|Kramuk
trp_town_13_armorer|Chau
trp_town_14_armorer|Zelk
trp_town_15_armorer|Zırh ustası
trp_town_16_armorer|Zırh ustası
trp_town_17_armorer|Zırh ustası
trp_town_18_armorer|Zırh ustası
trp_town_19_armorer|Zırh ustası
trp_town_20_armorer|Zırh ustası
trp_town_21_armorer|Zırh ustası
trp_town_22_armorer|Zırh ustası
trp_town_1_weaponsmith|Struga
trp_town_2_weaponsmith|Sebula
trp_town_3_weaponsmith|Gutlans
trp_town_4_weaponsmith|Khavel
trp_town_5_weaponsmith|Ryis
trp_town_6_weaponsmith|Plais
trp_town_7_weaponsmith|Belgaru
trp_town_8_weaponsmith|Norskh
trp_town_9_weaponsmith|Doru
trp_town_10_weaponsmith|Nelag
trp_town_11_weaponsmith|Vlan
trp_town_12_weaponsmith|Mleza
trp_town_13_weaponsmith|Dibus
trp_town_14_weaponsmith|Crahask
trp_town_15_weaponsmith|Silah Tüccarı
trp_town_16_weaponsmith|Silah Tüccarı
trp_town_17_weaponsmith|Silah Tüccarı
trp_town_18_weaponsmith|Silah Tüccarı
trp_town_19_weaponsmith|Silah Tüccarı
trp_town_20_weaponsmith|Silah Tüccarı
trp_town_21_weaponsmith|Silah Tüccarı
trp_town_22_weaponsmith|Silah Tüccarı
trp_town_1_tavernkeeper|Hancı
trp_town_2_tavernkeeper|Hancı
trp_town_3_tavernkeeper|Hancı
trp_town_4_tavernkeeper|Hancı
trp_town_5_tavernkeeper|Hancı
trp_town_6_tavernkeeper|Hancı
trp_town_7_tavernkeeper|Hancı
trp_town_8_tavernkeeper|Hancı
trp_town_9_tavernkeeper|Hancı
trp_town_10_tavernkeeper|Hancı
trp_town_11_tavernkeeper|Hancı
trp_town_12_tavernkeeper|Hancı
trp_town_13_tavernkeeper|Hancı
trp_town_14_tavernkeeper|Hancı
trp_town_15_tavernkeeper|Hancı
trp_town_16_tavernkeeper|Hancı
trp_town_17_tavernkeeper|Hancı
trp_town_18_tavernkeeper|Hancı
trp_town_19_tavernkeeper|Hancı
trp_town_20_tavernkeeper|Hancı
trp_town_21_tavernkeeper|Hancı
trp_town_22_tavernkeeper|Hancı
trp_town_1_merchant|Tüccar
trp_town_2_merchant|Tüccar
trp_town_3_merchant|Tüccar
trp_town_4_merchant|Tüccar
trp_town_5_merchant|Tüccar
trp_town_6_merchant|Tüccar
trp_town_7_merchant|Tüccar
trp_town_8_merchant|Tüccar
trp_town_9_merchant|Tüccar
trp_town_10_merchant|Tüccar
trp_town_11_merchant|Tüccar
trp_town_12_merchant|Tüccar
trp_town_13_merchant|Tüccar
trp_town_14_merchant|Tüccar
trp_town_15_merchant|Tüccar
trp_town_16_merchant|Tüccar
trp_town_17_merchant|Tüccar
trp_town_18_merchant|Tüccar
trp_town_19_merchant|Tüccar
trp_town_20_merchant|Tüccar
trp_town_21_merchant|Tüccar
trp_town_22_merchant|Tüccar
trp_salt_mine_merchant|Tuzcu
trp_salt_mine_merchant_pl|Tuzcu
trp_town_1_horse_merchant|At Tüccarı
trp_town_2_horse_merchant|At Tüccarı
trp_town_3_horse_merchant|At Tüccarı
trp_town_4_horse_merchant|At Tüccarı
trp_town_5_horse_merchant|At Tüccarı
trp_town_6_horse_merchant|At Tüccarı
trp_town_7_horse_merchant|At Tüccarı
trp_town_8_horse_merchant|At Tüccarı
trp_town_9_horse_merchant|At Tüccarı
trp_town_10_horse_merchant|At Tüccarı
trp_town_11_horse_merchant|At Tüccarı
trp_town_12_horse_merchant|At Tüccarı
trp_town_13_horse_merchant|At Tüccarı
trp_town_14_horse_merchant|At Tüccarı
trp_town_15_horse_merchant|At Tüccarı
trp_town_16_horse_merchant|At Tüccarı
trp_town_17_horse_merchant|At Tüccarı
trp_town_18_horse_merchant|At Tüccarı
trp_town_19_horse_merchant|At Tüccarı
trp_town_20_horse_merchant|At Tüccarı
trp_town_21_horse_merchant|At Tüccarı
trp_town_22_horse_merchant|At Tüccarı
trp_town_1_mayor|Lonca Başkanı
trp_town_2_mayor|Lonca Başkanı
trp_town_3_mayor|Lonca Başkanı
trp_town_4_mayor|Lonca Başkanı
trp_town_5_mayor|Lonca Başkanı
trp_town_6_mayor|Lonca Başkanı
trp_town_7_mayor|Lonca Başkanı
trp_town_8_mayor|Lonca Başkanı
trp_town_9_mayor|Lonca Başkanı
trp_town_10_mayor|Lonca Başkanı
trp_town_11_mayor|Lonca Başkanı
trp_town_12_mayor|Lonca Başkanı
trp_town_13_mayor|Lonca Başkanı
trp_town_14_mayor|Lonca Başkanı
trp_town_15_mayor|Lonca Başkanı
trp_town_16_mayor|Lonca Başkanı
trp_town_17_mayor|Lonca Başkanı
trp_town_18_mayor|Lonca Başkanı
trp_town_19_mayor|Lonca Başkanı
trp_town_20_mayor|Lonca Başkanı
trp_town_21_mayor|Lonca Başkanı
trp_town_22_mayor|Lonca Başkanı
trp_village_1_elder|Köy Yaşlısı
trp_village_2_elder|Köy Yaşlısı
trp_village_3_elder|Köy Yaşlısı
trp_village_4_elder|Köy Yaşlısı
trp_village_5_elder|Köy Yaşlısı
trp_village_6_elder|Köy Yaşlısı
trp_village_7_elder|Köy Yaşlısı
trp_village_8_elder|Köy Yaşlısı
trp_village_9_elder|Köy Yaşlısı
trp_village_10_elder|Köy Yaşlısı
trp_village_11_elder|Köy Yaşlısı
trp_village_12_elder|Köy Yaşlısı
trp_village_13_elder|Köy Yaşlısı
trp_village_14_elder|Köy Yaşlısı
trp_village_15_elder|Köy Yaşlısı
trp_village_16_elder|Köy Yaşlısı
trp_village_17_elder|Köy Yaşlısı
trp_village_18_elder|Köy Yaşlısı
trp_village_19_elder|Köy Yaşlısı
trp_village_20_elder|Köy Yaşlısı
trp_village_21_elder|Köy Yaşlısı
trp_village_22_elder|Köy Yaşlısı
trp_village_23_elder|Köy Yaşlısı
trp_village_24_elder|Köy Yaşlısı
trp_village_25_elder|Köy Yaşlısı
trp_village_26_elder|Köy Yaşlısı
trp_village_27_elder|Köy Yaşlısı
trp_village_28_elder|Köy Yaşlısı
trp_village_29_elder|Köy Yaşlısı
trp_village_30_elder|Köy Yaşlısı
trp_village_31_elder|Köy Yaşlısı
trp_village_32_elder|Köy Yaşlısı
trp_village_33_elder|Köy Yaşlısı
trp_village_34_elder|Köy Yaşlısı
trp_village_35_elder|Köy Yaşlısı
trp_village_36_elder|Köy Yaşlısı
trp_village_37_elder|Köy Yaşlısı
trp_village_38_elder|Köy Yaşlısı
trp_village_39_elder|Köy Yaşlısı
trp_village_40_elder|Köy Yaşlısı
trp_village_41_elder|Köy Yaşlısı
trp_village_42_elder|Köy Yaşlısı
trp_village_43_elder|Köy Yaşlısı
trp_village_44_elder|Köy Yaşlısı
trp_village_45_elder|Köy Yaşlısı
trp_village_46_elder|Köy Yaşlısı
trp_village_47_elder|Köy Yaşlısı
trp_village_48_elder|Köy Yaşlısı
trp_village_49_elder|Köy Yaşlısı
trp_village_50_elder|Köy Yaşlısı
trp_village_51_elder|Köy Yaşlısı
trp_village_52_elder|Köy Yaşlısı
trp_village_53_elder|Köy Yaşlısı
trp_village_54_elder|Köy Yaşlısı
trp_village_55_elder|Köy Yaşlısı
trp_village_56_elder|Köy Yaşlısı
trp_village_57_elder|Köy Yaşlısı
trp_village_58_elder|Köy Yaşlısı
trp_village_59_elder|Köy Yaşlısı
trp_village_60_elder|Köy Yaşlısı
trp_village_61_elder|Köy Yaşlısı
trp_village_62_elder|Köy Yaşlısı
trp_village_63_elder|Köy Yaşlısı
trp_village_64_elder|Köy Yaşlısı
trp_village_65_elder|Köy Yaşlısı
trp_village_66_elder|Köy Yaşlısı
trp_village_67_elder|Köy Yaşlısı
trp_village_68_elder|Köy Yaşlısı
trp_village_69_elder|Köy Yaşlısı
trp_village_70_elder|Köy Yaşlısı
trp_village_71_elder|Köy Yaşlısı
trp_village_72_elder|Köy Yaşlısı
trp_village_73_elder|Köy Yaşlısı
trp_village_74_elder|Köy Yaşlısı
trp_village_75_elder|Köy Yaşlısı
trp_village_76_elder|Köy Yaşlısı
trp_village_77_elder|Köy Yaşlısı
trp_village_78_elder|Köy Yaşlısı
trp_village_79_elder|Köy Yaşlısı
trp_village_80_elder|Köy Yaşlısı
trp_village_81_elder|Köy Yaşlısı
trp_village_82_elder|Köy Yaşlısı
trp_village_83_elder|Köy Yaşlısı
trp_village_84_elder|Köy Yaşlısı
trp_village_85_elder|Köy Yaşlısı
trp_village_86_elder|Köy Yaşlısı
trp_village_87_elder|Köy Yaşlısı
trp_village_88_elder|Köy Yaşlısı
trp_village_89_elder|Köy Yaşlısı
trp_village_90_elder|Köy Yaşlısı
trp_village_91_elder|Köy Yaşlısı
trp_village_92_elder|Köy Yaşlısı
trp_village_93_elder|Köy Yaşlısı
trp_village_94_elder|Köy Yaşlısı
trp_village_95_elder|Köy Yaşlısı
trp_village_96_elder|Köy Yaşlısı
trp_village_97_elder|Köy Yaşlısı
trp_village_98_elder|Köy Yaşlısı
trp_village_99_elder|Köy Yaşlısı
trp_village_100_elder|Köy Yaşlısı
trp_village_101_elder|Köy Yaşlısı
trp_village_102_elder|Köy Yaşlısı
trp_village_103_elder|Köy Yaşlısı
trp_village_104_elder|Köy Yaşlısı
trp_village_105_elder|Köy Yaşlısı
trp_village_106_elder|Köy Yaşlısı
trp_village_107_elder|Köy Yaşlısı
trp_village_108_elder|Köy Yaşlısı
trp_village_109_elder|Köy Yaşlısı
trp_village_110_elder|Köy Yaşlısı
trp_merchants_end|merchants end
trp_merchants_end_pl|merchants end
trp_town_4_master_craftsman|Boyahane Ustası
trp_town_8_master_craftsman|Tabakhane Ustası
trp_town_10_master_craftsman|Master vinter
trp_town_11_master_craftsman|Demirci Ustası
trp_town_17_master_craftsman|Boyahane Ustası
trp_town_20_master_craftsman|Şaraphane Ustası
trp_town_21_master_craftsman|Yağhane Ustası
trp_local_merchant|Yerel tüccar
trp_local_merchant_pl|Yerel tüccarlar
trp_tax_rebel|Asi çiftçi
trp_tax_rebel_pl|Asi çiftçiler
trp_trainee_peasant|Çiftçi
trp_trainee_peasant_pl|Çiftçiler
trp_fugitive|Gergin görünüşlü adam
trp_fugitive_pl|Gergin görünüşlü adamlar
trp_belligerent_drunk|Kavgacı Sarhoş
trp_belligerent_drunk_pl|Kavgacı Sarhoşlar
trp_hired_assassin|Kavgacı Sarhoş
trp_hired_assassin_pl|Kavgacı Sarhoşlar
trp_fight_promoter|Sert Görünümlü Karakter
trp_fight_promoter_pl|Sert Görünümlü Karakter
trp_spy|Sıradan adam
trp_spy_pl|Sıradan görünüşlü adamlar
trp_spy_partner|Alelade görünüşlü adam
trp_spy_partner_pl|Alelade görünüşlü adamlar
trp_nurse_for_lady|Hemşire
trp_nurse_for_lady_pl|Hemşireler
trp_temporary_minister|Başkan
trp_temporary_minister_pl|Vekil
trp_swadian_crossbowman_multiplayer_ai|Svadyalı Arbaletçi
trp_swadian_crossbowman_multiplayer_ai_pl|Svadyalı Arbaletçiler
trp_swadian_infantry_multiplayer_ai|Svadyalı Piyade
trp_swadian_infantry_multiplayer_ai_pl|Svadyalı Piyadeler
trp_swadian_man_at_arms_multiplayer_ai|Svadyalı Zırhlı Süvari
trp_swadian_man_at_arms_multiplayer_ai_pl|Svadyalı Zırhlı Süvariler
trp_vaegir_archer_multiplayer_ai|Vaegir Okçusu
trp_vaegir_archer_multiplayer_ai_pl|Vaegir Okçuları
trp_vaegir_spearman_multiplayer_ai|Vaegir Mızraklısı
trp_vaegir_spearman_multiplayer_ai_pl|Vaegir Mızraklıları
trp_vaegir_horseman_multiplayer_ai|Vaegir Atlısı
trp_vaegir_horseman_multiplayer_ai_pl|Vaegir Atlıları
trp_khergit_dismounted_lancer_multiplayer_ai|Kergit Yaya Kargıcı
trp_khergit_dismounted_lancer_multiplayer_ai_pl|Kergit Yaya Kargıcılar
trp_khergit_veteran_horse_archer_multiplayer_ai|Kergit Atlı Okçusu
trp_khergit_veteran_horse_archer_multiplayer_ai_pl|Kergit Atlı Okçuları
trp_khergit_lancer_multiplayer_ai|Kergit Kargıcı
trp_khergit_lancer_multiplayer_ai_pl|Kergit Kargıcıları
trp_nord_veteran_multiplayer_ai|Nord Yaya
trp_nord_veteran_multiplayer_ai_pl|Nord Yayaları
trp_nord_scout_multiplayer_ai|Nord Atlısı
trp_nord_scout_multiplayer_ai_pl|Nord Atlıları
trp_nord_archer_multiplayer_ai|Nord Okçusu
trp_nord_archer_multiplayer_ai_pl|Nord Okçuları
trp_rhodok_veteran_crossbowman_multiplayer_ai|Rodok Arbeletçi
trp_rhodok_veteran_crossbowman_multiplayer_ai_pl|Rodok Arbeletçileri
trp_rhodok_veteran_spearman_multiplayer_ai|Rodok Mızrakçı
trp_rhodok_veteran_spearman_multiplayer_ai_pl|Rodok Mızrakçıları
trp_rhodok_scout_multiplayer_ai|Rodok Atlısı
trp_rhodok_scout_multiplayer_ai_pl|Rodok Atlıları
trp_sarranid_infantry_multiplayer_ai|Sarranid Piyade
trp_sarranid_infantry_multiplayer_ai_pl|Sarranid Piyadeleri
trp_sarranid_archer_multiplayer_ai|Sarranid Okçusu
trp_sarranid_archer_multiplayer_ai_pl|Sarranid Okçuları
trp_sarranid_horseman_multiplayer_ai|Sarranid Atlısı
trp_sarranid_horseman_multiplayer_ai_pl|Sarranid Atlıları
trp_swadian_crossbowman_multiplayer|Svadyalı Arbaletçi
trp_swadian_crossbowman_multiplayer_pl|Svadyalı Arbaletçiler
trp_swadian_infantry_multiplayer|Svadyalı Piyade
trp_swadian_infantry_multiplayer_pl|Svadyalı Piyadeler
trp_swadian_man_at_arms_multiplayer|Svadyalı Zırhlı Süvari
trp_swadian_man_at_arms_multiplayer_pl|Svadyalı Zırhlı Süvariler
trp_vaegir_archer_multiplayer|Vaegir Okçusu
trp_vaegir_archer_multiplayer_pl|Vaegir Okçuları
trp_vaegir_spearman_multiplayer|Vaegir Mızraklı
trp_vaegir_spearman_multiplayer_pl|Vaegir Mızraklıları
trp_vaegir_horseman_multiplayer|Vaegir Atlısı
trp_vaegir_horseman_multiplayer_pl|Vaegir Atlıları
trp_khergit_veteran_horse_archer_multiplayer|Kergit Atlı Okçu
trp_khergit_veteran_horse_archer_multiplayer_pl|Kergit Atlı Okçuları
trp_khergit_lancer_multiplayer|Kergit Kargıcı
trp_khergit_lancer_multiplayer_pl|Kergit Kargıcıları
trp_nord_archer_multiplayer|Nord Okçu
trp_nord_archer_multiplayer_pl|Nord Okçuları
trp_nord_veteran_multiplayer|Nord Kapıkulu 
trp_nord_veteran_multiplayer_pl|Nord Kapıkulları
trp_nord_scout_multiplayer|Nord Gözcü
trp_nord_scout_multiplayer_pl|Nord Gözcüler
trp_rhodok_veteran_crossbowman_multiplayer|Rodok Arbeletçi
trp_rhodok_veteran_crossbowman_multiplayer_pl|Rodok Arbeletçiler
trp_rhodok_sergeant_multiplayer|Rodok Çavuş
trp_rhodok_sergeant_multiplayer_pl|Rodok Çavuşları
trp_rhodok_horseman_multiplayer|Rodok Atlı
trp_rhodok_horseman_multiplayer_pl|Rhodok Atlıları
trp_sarranid_archer_multiplayer|Sarranid Okçu
trp_sarranid_archer_multiplayer_pl|Sarranid Okçuları
trp_sarranid_footman_multiplayer|Sarranid Yaya
trp_sarranid_footman_multiplayer_pl|Sarranid Yayaları
trp_sarranid_mamluke_multiplayer|Sarranid Memlük
trp_sarranid_mamluke_multiplayer_pl|Sarranid Memlüklüleri
trp_nurse|Hemşire
trp_quick_battle_troop_1|Rodrigo de Braganca
trp_quick_battle_troop_1_pl|Rodrigo de Braganca
trp_quick_battle_troop_2|Usiatra
trp_quick_battle_troop_2_pl|Usiatra
trp_quick_battle_troop_3|Hegen
trp_quick_battle_troop_3_pl|Hegen
trp_quick_battle_troop_4|Konrad
trp_quick_battle_troop_4_pl|Konrad
trp_quick_battle_troop_5|Sverre
trp_quick_battle_troop_5_pl|Sverre
trp_quick_battle_troop_6|Borislav
trp_quick_battle_troop_6_pl|Borislav
trp_quick_battle_troop_7|Stavros
trp_quick_battle_troop_7_pl|Stavros
trp_quick_battle_troop_8|Gamara
trp_quick_battle_troop_8_pl|Gamara
trp_quick_battle_troop_9|Aethrod
trp_quick_battle_troop_9_pl|Aethrod
trp_quick_battle_troop_10|Zaira
trp_quick_battle_troop_10_pl|Zaira
trp_quick_battle_troop_11|Argo Sendnar
trp_quick_battle_troop_11_pl|Argo Sendnar
trp_tutorial_fighter_1|Acemi Dövüşçü
trp_tutorial_fighter_1_pl|Dövüşçüler
trp_tutorial_fighter_2|Acemi Dövüşçü
trp_tutorial_fighter_2_pl|Dövüşçüler
trp_tutorial_fighter_3|Dövüşçü
trp_tutorial_fighter_3_pl|Dövüşçüler
trp_tutorial_fighter_4|Deneyimli Dövüşçü
trp_tutorial_fighter_4_pl|Dövüşçüler
trp_tutorial_archer_1|Okçu
trp_tutorial_archer_1_pl|Okçular
trp_tutorial_master_archer|Usta Okçu
trp_tutorial_master_archer_pl|Usta Okçular
trp_tutorial_rider_1|Binici
trp_tutorial_rider_2|Atlı okçu
trp_tutorial_master_horseman|Usta binici
trp_tutorial_master_horseman_pl|Usta biniciler
trp_swadian_merchant|Praven tüccarı
trp_vaegir_merchant|Reyvadin tüccarı
trp_khergit_merchant|Tulga tüccarı
trp_nord_merchant|Sargoth tüccarı
trp_rhodok_merchant|Jelkala tüccarı
trp_sarranid_merchant|Shariz tüccarı
trp_startup_merchants_end|startup merchants end
trp_startup_merchants_end_pl|startup merchants end
trp_sea_raider_leader|Deniz Yağmacısı Reisi
trp_sea_raider_leader_pl|Deniz Yağmacısı Reisi
trp_looter_leader|Soyguncu
trp_looter_leader_pl|Çapulcu
trp_bandit_leaders_end|bandit leaders end
trp_bandit_leaders_end_pl|bandit leaders end
trp_relative_of_merchant|Tüccarın Kardeşi
trp_relative_of_merchants_end|relative of merchants end
trp_relative_of_merchants_end_pl|relative of merchants end
trp_knight_4_2b_daughter_1|Leydi Thera
trp_knight_4_2b_daughter_2|Leydi Gudrun
trp_knight_4_2b_daughter_1_pl|Thera
trp_knight_4_2b_daughter_2_pl|Gudrun
trp_knight_4_2c_wife_1|Leydi Endegrid
trp_knight_4_2c_wife_2|Leydi Aesa
trp_knight_4_2c_wife_1_pl|Endegrid
trp_knight_4_2c_wife_2_pl|Aesa
trp_kingdom_5_2b_wife_1|Leydi Baotheia
trp_kingdom_5_2b_wife_2|Leydi Miraeia
trp_kingdom_5_2b_wife_1_pl|Baotheia
trp_kingdom_5_2b_wife_2_pl|Miraeia
trp_kingdom_5_1c_daughter_1|Leydi Eleandra
trp_kingdom_5_1c_daughter_2|Leydi Forbesa
trp_kingdom_5_1c_daughter_3|Leydi Agasia
trp_kingdom_5_1c_daughter_4|Leydi Ellian
trp_kingdom_5_1c_daughter_1_pl|Eleandra
trp_kingdom_5_1c_daughter_2_pl|Forbesa
trp_kingdom_5_1c_daughter_3_pl|Agasia
trp_kingdom_5_1c_daughter_4_pl|Ellian
trp_kingdom_5_2c_daughter_1|Leydi Meraced
trp_kingdom_5_2c_daughter_2|Leydi Claudora
trp_kingdom_5_2c_daughter_1_pl|Meraced
trp_kingdom_5_2c_daughter_2_pl|Claudora
trp_kingdom_5_1c_wife_1|Leydi Adelisa
trp_kingdom_5_1c_wife_2|Leydi Gwenael
trp_kingdom_5_1c_wife_1_pl|Adelisa
trp_kingdom_5_1c_wife_2_pl|Gwenael
trp_kingdom_5_2c_wife_1|Leydi Calantina
trp_kingdom_5_2c_wife_2|Leydi Ysueth
trp_kingdom_5_2c_wife_1_pl|Calantina
trp_kingdom_5_2c_wife_2_pl|Ysueth
