trp_multiplayer_profile_troop_male|聯 機 男 性 玩 家 角 色 
trp_multiplayer_profile_troop_male_pl|聯 機 男 性 玩 家 角 色 
trp_multiplayer_profile_troop_female|聯 機 女 性 玩 家 角 色 
trp_multiplayer_profile_troop_female_pl|聯 機 女 性 玩 家 角 色 
trp_temp_troop|Temp Troop 
trp_temp_troop_pl|Temp Troop 
trp_find_item_cheat|find item cheat 
trp_find_item_cheat_pl|find item cheat 
trp_random_town_sequence|Random Town Sequence 
trp_random_town_sequence_pl|Random Town Sequence 
trp_tournament_participants|競 技 場 選 手 
trp_tournament_participants_pl|競 技 場 選 手 
trp_tutorial_maceman|錘 子 手 
trp_tutorial_maceman_pl|錘 子 手 
trp_tutorial_archer|弓 箭 手 
trp_tutorial_archer_pl|弓 箭 手 
trp_tutorial_swordsman|劍 士 
trp_tutorial_swordsman_pl|劍 士 
trp_novice_fighter|初 級 斗 士 
trp_novice_fighter_pl|初 級 斗 士 
trp_regular_fighter|正 規 斗 士 
trp_regular_fighter_pl|正 規 斗 士 
trp_veteran_fighter|資 深 斗 士 
trp_veteran_fighter_pl|資 深 斗 士 
trp_champion_fighter|精 英 斗 士 
trp_champion_fighter_pl|精 英 斗 士 
trp_arena_training_fighter_1|初 級 斗 士 
trp_arena_training_fighter_1_pl|初 級 斗 士 
trp_arena_training_fighter_2|初 級 斗 士 
trp_arena_training_fighter_2_pl|初 級 斗 士 
trp_arena_training_fighter_3|正 規 斗 士 
trp_arena_training_fighter_3_pl|正 規 斗 士 
trp_arena_training_fighter_4|正 規 斗 士 
trp_arena_training_fighter_4_pl|正 規 斗 士 
trp_arena_training_fighter_5|正 規 斗 士 
trp_arena_training_fighter_5_pl|正 規 斗 士 
trp_arena_training_fighter_6|資 深 斗 士 
trp_arena_training_fighter_6_pl|資 深 斗 士 
trp_arena_training_fighter_7|資 深 斗 士 
trp_arena_training_fighter_7_pl|資 深 斗 士 
trp_arena_training_fighter_8|資 深 斗 士 
trp_arena_training_fighter_8_pl|資 深 斗 士 
trp_arena_training_fighter_9|精 英 斗 士 
trp_arena_training_fighter_9_pl|精 英 斗 士 
trp_arena_training_fighter_10|精 英 斗 士 
trp_arena_training_fighter_10_pl|精 英 斗 士 
trp_cattle|牛 
trp_cattle_pl|牛 
trp_farmer|農 民 
trp_farmer_pl|農 民 
trp_townsman|市 民 
trp_townsman_pl|市 民 
trp_watchman|雇 傭 哨 兵 
trp_watchman_pl|雇 傭 哨 兵 
trp_caravan_guard|商 隊 護 衛 
trp_caravan_guard_pl|商 隊 護 衛 
trp_mercenary_swordsman|雇 傭 劍 士 
trp_mercenary_swordsman_pl|雇 傭 劍 士 
trp_hired_blade|職 業 武 士 
trp_hired_blade_pl|職 業 武 士 
trp_mercenary_crossbowman|雇 傭 弩 手 
trp_mercenary_crossbowman_pl|雇 傭 弩 手 
trp_mercenary_horseman|雇 傭 騎 手 
trp_mercenary_horseman_pl|雇 傭 騎 手 
trp_mercenary_cavalry|雇 傭 騎 兵 
trp_mercenary_cavalry_pl|雇 傭 騎 兵 
trp_mercenaries_end|mercenaries end 
trp_mercenaries_end_pl|mercenaries end 
trp_swadian_recruit|斯 瓦 迪 亞 新 兵 
trp_swadian_recruit_pl|斯 瓦 迪 亞 新 兵 
trp_swadian_militia|斯 瓦 迪 亞 民 兵 
trp_swadian_militia_pl|斯 瓦 迪 亞 民 兵 
trp_swadian_footman|斯 瓦 迪 亞 輕 步 兵 
trp_swadian_footman_pl|斯 瓦 迪 亞 輕 步 兵 
trp_swadian_infantry|斯 瓦 迪 亞 步 兵 
trp_swadian_infantry_pl|斯 瓦 迪 亞 步 兵 
trp_swadian_sergeant|斯 瓦 迪 亞 軍 士 
trp_swadian_sergeant_pl|斯 瓦 迪 亞 軍 士 
trp_swadian_skirmisher|斯 瓦 迪 亞 游 擊 射 手 
trp_swadian_skirmisher_pl|斯 瓦 迪 亞 游 擊 射 手 
trp_swadian_crossbowman|斯 瓦 迪 亞 弩 手 
trp_swadian_crossbowman_pl|斯 瓦 迪 亞 弩 手 
trp_swadian_sharpshooter|斯 瓦 迪 亞 神 射 手 
trp_swadian_sharpshooter_pl|斯 瓦 迪 亞 神 射 手 
trp_swadian_man_at_arms|斯 瓦 迪 亞 重 騎 兵 
trp_swadian_man_at_arms_pl|斯 瓦 迪 亞 重 騎 兵 
trp_swadian_knight|斯 瓦 迪 亞 騎 士 
trp_swadian_knight_pl|斯 瓦 迪 亞 騎 士 
trp_swadian_messenger|斯 瓦 迪 亞 傳 令 兵 
trp_swadian_messenger_pl|斯 瓦 迪 亞 傳 令 兵 
trp_swadian_deserter|斯 瓦 迪 亞 逃 兵 
trp_swadian_deserter_pl|斯 瓦 迪 亞 逃 兵 
trp_swadian_prison_guard|監 獄 守 衛 
trp_swadian_prison_guard_pl|監 獄 守 衛 
trp_swadian_castle_guard|城 堡 護 衛 
trp_swadian_castle_guard_pl|城 堡 護 衛 
trp_vaegir_recruit|維 吉 亞 新 兵 
trp_vaegir_recruit_pl|維 吉 亞 新 兵 
trp_vaegir_footman|維 吉 亞 輕 步 兵 
trp_vaegir_footman_pl|維 吉 亞 輕 步 兵 
trp_vaegir_skirmisher|維 吉 亞 游 擊 射 手 
trp_vaegir_skirmisher_pl|維 吉 亞 游 擊 射 手 
trp_vaegir_archer|維 吉 亞 弓 箭 手 
trp_vaegir_archer_pl|維 吉 亞 弓 箭 手 
trp_vaegir_marksman|維 吉 亞 神 箭 手 
trp_vaegir_marksman_pl|維 吉 亞 神 箭 手 
trp_vaegir_veteran|維 吉 亞 資 深 士 兵 
trp_vaegir_veteran_pl|維 吉 亞 資 深 士 兵 
trp_vaegir_infantry|維 吉 亞 步 兵 
trp_vaegir_infantry_pl|維 吉 亞 步 兵 
trp_vaegir_guard|維 吉 亞 衛 士 
trp_vaegir_guard_pl|維 吉 亞 衛 士 
trp_vaegir_horseman|維 吉 亞 騎 手 
trp_vaegir_horseman_pl|維 吉 亞 騎 手 
trp_vaegir_knight|維 吉 亞 騎 士 
trp_vaegir_knight_pl|維 吉 亞 騎 士 
trp_vaegir_messenger|維 吉 亞 傳 令 兵 
trp_vaegir_messenger_pl|維 吉 亞 傳 令 兵 
trp_vaegir_deserter|維 吉 亞 逃 兵 
trp_vaegir_deserter_pl|維 吉 亞 逃 兵 
trp_vaegir_prison_guard|監 獄 守 衛 
trp_vaegir_prison_guard_pl|監 獄 守 衛 
trp_vaegir_castle_guard|城 堡 護 衛 
trp_vaegir_castle_guard_pl|城 堡 護 衛 
trp_khergit_tribesman|庫 吉 特 族 人 
trp_khergit_tribesman_pl|庫 吉 特 族 人 
trp_khergit_skirmisher|庫 吉 特 游 擊 射 手 
trp_khergit_skirmisher_pl|庫 吉 特 游 擊 射 手 
trp_khergit_horseman|庫 吉 特 騎 手 
trp_khergit_horseman_pl|庫 吉 特 騎 手 
trp_khergit_horse_archer|庫 吉 特 騎 射 手 
trp_khergit_horse_archer_pl|庫 吉 特 騎 射 手 
trp_khergit_veteran_horse_archer|庫 吉 特 資 深 騎 射 手 
trp_khergit_veteran_horse_archer_pl|庫 吉 特 資 深 騎 射 手 
trp_khergit_lancer|庫 吉 特 槍 騎 兵 
trp_khergit_lancer_pl|庫 吉 特 槍 騎 兵 
trp_khergit_messenger|庫 吉 特 傳 令 兵 
trp_khergit_messenger_pl|庫 吉 特 傳 令 兵 
trp_khergit_deserter|庫 吉 特 逃 兵 
trp_khergit_deserter_pl|庫 吉 特 逃 兵 
trp_khergit_prison_guard|監 獄 守 衛 
trp_khergit_prison_guard_pl|監 獄 守 衛 
trp_khergit_castle_guard|城 堡 護 衛 
trp_khergit_castle_guard_pl|城 堡 護 衛 
trp_nord_recruit|諾 德 新 兵 
trp_nord_recruit_pl|諾 德 新 兵 
trp_nord_footman|諾 德 輕 步 兵 
trp_nord_footman_pl|諾 德 輕 步 兵 
trp_nord_trained_footman|諾 德 熟 練 輕 步 兵 
trp_nord_trained_footman_pl|諾 德 熟 練 輕 步 兵 
trp_nord_warrior|諾 德 勇 士 
trp_nord_warrior_pl|諾 德 勇 士 
trp_nord_veteran|諾 德 資 深 士 兵 
trp_nord_veteran_pl|諾 德 資 深 士 兵 
trp_nord_champion|諾 德 皇 家 侍 衛 
trp_nord_champion_pl|諾 德 皇 家 侍 衛 
trp_nord_huntsman|諾 德 獵 人 
trp_nord_huntsman_pl|諾 德 獵 人 
trp_nord_archer|諾 德 弓 箭 手 
trp_nord_archer_pl|諾 德 弓 箭 手 
trp_nord_veteran_archer|諾 德 資 深 弓 箭 手 
trp_nord_veteran_archer_pl|諾 德 資 深 弓 箭 手 
trp_nord_messenger|諾 德 傳 令 兵 
trp_nord_messenger_pl|諾 德 傳 令 兵 
trp_nord_deserter|諾 德 逃 兵 
trp_nord_deserter_pl|諾 德 逃 兵 
trp_nord_prison_guard|監 獄 守 衛 
trp_nord_prison_guard_pl|監 獄 守 衛 
trp_nord_castle_guard|城 堡 護 衛 
trp_nord_castle_guard_pl|城 堡 護 衛 
trp_rhodok_tribesman|羅 多 克 族 人 
trp_rhodok_tribesman_pl|羅 多 克 族 人 
trp_rhodok_spearman|羅 多 克 長 矛 手 
trp_rhodok_spearman_pl|羅 多 克 長 矛 手 
trp_rhodok_trained_spearman|羅 多 克 熟 練 長 矛 手 
trp_rhodok_trained_spearman_pl|羅 多 克 熟 練 長 矛 手 
trp_rhodok_veteran_spearman|羅 多 克 資 深 長 矛 手 
trp_rhodok_veteran_spearman_pl|羅 多 克 資 深 長 矛 手 
trp_rhodok_sergeant|羅 多 克 軍 士 
trp_rhodok_sergeant_pl|羅 多 克 軍 士 
trp_rhodok_crossbowman|羅 多 克 弩 手 
trp_rhodok_crossbowman_pl|羅 多 克 弩 手 
trp_rhodok_trained_crossbowman|羅 多 克 熟 練 弩 手 
trp_rhodok_trained_crossbowman_pl|羅 多 克 熟 練 弩 手 
trp_rhodok_veteran_crossbowman|羅 多 克 資 深 弩 手 
trp_rhodok_veteran_crossbowman_pl|羅 多 克 資 深 弩 手 
trp_rhodok_sharpshooter|羅 多 克 神 射 手 
trp_rhodok_sharpshooter_pl|羅 多 克 神 射 手 
trp_rhodok_messenger|羅 多 克 傳 令 兵 
trp_rhodok_messenger_pl|羅 多 克 傳 令 兵 
trp_rhodok_deserter|羅 多 克 逃 兵 
trp_rhodok_deserter_pl|羅 多 克 逃 兵 
trp_rhodok_prison_guard|監 獄 守 衛 
trp_rhodok_prison_guard_pl|監 獄 守 衛 
trp_rhodok_castle_guard|城 堡 護 衛 
trp_rhodok_castle_guard_pl|城 堡 護 衛 
trp_sarranid_recruit|薩 蘭 德 新 兵 
trp_sarranid_recruit_pl|薩 蘭 德 新 兵 
trp_sarranid_footman|薩 蘭 德 輕 步 兵 
trp_sarranid_footman_pl|薩 蘭 德 輕 步 兵 
trp_sarranid_veteran_footman|薩 蘭 德 資 深 輕 步 兵 
trp_sarranid_veteran_footman_pl|薩 蘭 德 資 深 輕 步 兵 
trp_sarranid_infantry|薩 蘭 德 步 兵 
trp_sarranid_infantry_pl|薩 蘭 德 步 兵 
trp_sarranid_guard|薩 蘭 德 衛 士 
trp_sarranid_guard_pl|薩 蘭 德 衛 士 
trp_sarranid_skirmisher|薩 蘭 德 游 擊 射 手 
trp_sarranid_skirmisher_pl|薩 蘭 德 游 擊 射 手 
trp_sarranid_archer|薩 蘭 德 弓 箭 手 
trp_sarranid_archer_pl|薩 蘭 德 弓 箭 手 
trp_sarranid_master_archer|薩 蘭 德 精 銳 弓 箭 手 
trp_sarranid_master_archer_pl|薩 蘭 德 精 銳 弓 箭 手 
trp_sarranid_horseman|薩 蘭 德 騎 手 
trp_sarranid_horseman_pl|薩 蘭 德 騎 手 
trp_sarranid_mamluke|薩 蘭 德 馬 穆 魯 克 
trp_sarranid_mamluke_pl|薩 蘭 德 馬 穆 魯 克 
trp_sarranid_messenger|薩 蘭 德 傳 令 兵 
trp_sarranid_messenger_pl|薩 蘭 德 傳 令 兵 
trp_sarranid_deserter|薩 蘭 德 逃 兵 
trp_sarranid_deserter_pl|薩 蘭 德 逃 兵 
trp_sarranid_prison_guard|監 獄 守 衛 
trp_sarranid_prison_guard_pl|監 獄 守 衛 
trp_sarranid_castle_guard|城 堡 護 衛 
trp_sarranid_castle_guard_pl|城 堡 護 衛 
trp_looter|劫 匪 
trp_looter_pl|劫 匪 
trp_bandit|強 盜 
trp_bandit_pl|強 盜 
trp_brigand|土 匪 
trp_brigand_pl|土 匪 
trp_mountain_bandit|山 賊 
trp_mountain_bandit_pl|山 賊 
trp_forest_bandit|綠 林 強 盜 
trp_forest_bandit_pl|綠 林 強 盜 
trp_sea_raider|海 寇 
trp_sea_raider_pl|海 寇 
trp_steppe_bandit|響 馬 
trp_steppe_bandit_pl|響 馬 
trp_taiga_bandit|雪 原 強 盜 
trp_taiga_bandit_pl|雪 原 強 盜 
trp_desert_bandit|沙 漠 強 盜 
trp_desert_bandit_pl|沙 漠 強 盜 
trp_black_khergit_horseman|黑 旗 庫 吉 特 騎 手 
trp_black_khergit_horseman_pl|黑 旗 庫 吉 特 騎 手 
trp_manhunter|賞 金 獵 人 
trp_manhunter_pl|賞 金 獵 人 
trp_slave_driver|奴 販 押 解 
trp_slave_driver_pl|奴 販 押 解 
trp_slave_hunter|奴 販 獵 手 
trp_slave_hunter_pl|奴 販 獵 手 
trp_slave_crusher|奴 販 打 手 
trp_slave_crusher_pl|奴 販 打 手 
trp_slaver_chief|奴 販 首 領 
trp_slaver_chief_pl|奴 販 首 領 
trp_follower_woman|隨 營 婦 女 
trp_follower_woman_pl|隨 營 婦 女 
trp_hunter_woman|女 獵 手 
trp_hunter_woman_pl|女 獵 手 
trp_fighter_woman|女 護 衛 
trp_fighter_woman_pl|女 護 衛 
trp_sword_sister|女 劍 士 
trp_sword_sister_pl|女 劍 士 
trp_refugee|難 民 
trp_refugee_pl|難 民 
trp_peasant_woman|農 婦 
trp_peasant_woman_pl|農 婦 
trp_caravan_master|商 隊 頭 領 
trp_caravan_master_pl|商 隊 頭 領 
trp_kidnapped_girl|被 綁 架 的 女 孩 
trp_kidnapped_girl_pl|被 綁 架 的 女 孩 
trp_town_walker_1|市 民 
trp_town_walker_1_pl|市 民 
trp_town_walker_2|市 民 
trp_town_walker_2_pl|市 民 
trp_khergit_townsman|市 民 
trp_khergit_townsman_pl|市 民 
trp_khergit_townswoman|市 民 
trp_khergit_townswoman_pl|市 民 
trp_sarranid_townsman|市 民 
trp_sarranid_townsman_pl|市 民 
trp_sarranid_townswoman|市 民 
trp_sarranid_townswoman_pl|市 民 
trp_village_walker_1|村 民 
trp_village_walker_1_pl|村 民 
trp_village_walker_2|村 民 
trp_village_walker_2_pl|村 民 
trp_spy_walker_1|市 民 
trp_spy_walker_1_pl|市 民 
trp_spy_walker_2|市 民 
trp_spy_walker_2_pl|市 民 
trp_tournament_master|競 技 場 老 板 
trp_tournament_master_pl|競 技 場 老 板 
trp_trainer|教 練 
trp_trainer_pl|教 練 
trp_constable_hareck|治 安 官 哈 瑞 克 
trp_constable_hareck_pl|治 安 官 哈 瑞 克 
trp_ramun_the_slave_trader|奴 隸 販 子 拉 蒙 
trp_ramun_the_slave_trader_pl|奴 隸 販 子 拉 蒙 
trp_guide|機 靈 鬼 吉 米 
trp_guide_pl|機 靈 鬼 吉 米 
trp_xerina|謝 瑞 娜 
trp_xerina_pl|謝 瑞 娜 
trp_dranton|德 朗 頓 
trp_dranton_pl|德 朗 頓 
trp_kradus|喀 拉 杜 斯 
trp_kradus_pl|喀 拉 杜 斯 
trp_tutorial_trainer|訓 練 場 教 練 
trp_tutorial_trainer_pl|訓 練 場 教 練 
trp_galeas|蓋 裡 阿 斯 
trp_galeas_pl|蓋 裡 阿 斯 
trp_farmer_from_bandit_village|農 民 
trp_farmer_from_bandit_village_pl|農 民 
trp_trainer_1|教 練 
trp_trainer_1_pl|教 練 
trp_trainer_2|教 練 
trp_trainer_2_pl|教 練 
trp_trainer_3|教 練 
trp_trainer_3_pl|教 練 
trp_trainer_4|教 練 
trp_trainer_4_pl|教 練 
trp_trainer_5|教 練 
trp_trainer_5_pl|教 練 
trp_ransom_broker_1|奴 隸 販 子 
trp_ransom_broker_1_pl|奴 隸 販 子 
trp_ransom_broker_2|奴 隸 販 子 
trp_ransom_broker_2_pl|奴 隸 販 子 
trp_ransom_broker_3|奴 隸 販 子 
trp_ransom_broker_3_pl|奴 隸 販 子 
trp_ransom_broker_4|奴 隸 販 子 
trp_ransom_broker_4_pl|奴 隸 販 子 
trp_ransom_broker_5|奴 隸 販 子 
trp_ransom_broker_5_pl|奴 隸 販 子 
trp_ransom_broker_6|奴 隸 販 子 
trp_ransom_broker_6_pl|奴 隸 販 子 
trp_ransom_broker_7|奴 隸 販 子 
trp_ransom_broker_7_pl|奴 隸 販 子 
trp_ransom_broker_8|奴 隸 販 子 
trp_ransom_broker_8_pl|奴 隸 販 子 
trp_ransom_broker_9|奴 隸 販 子 
trp_ransom_broker_9_pl|奴 隸 販 子 
trp_ransom_broker_10|奴 隸 販 子 
trp_ransom_broker_10_pl|奴 隸 販 子 
trp_tavern_traveler_1|旅 行 者 
trp_tavern_traveler_1_pl|旅 行 者 
trp_tavern_traveler_2|旅 行 者 
trp_tavern_traveler_2_pl|旅 行 者 
trp_tavern_traveler_3|旅 行 者 
trp_tavern_traveler_3_pl|旅 行 者 
trp_tavern_traveler_4|旅 行 者 
trp_tavern_traveler_4_pl|旅 行 者 
trp_tavern_traveler_5|旅 行 者 
trp_tavern_traveler_5_pl|旅 行 者 
trp_tavern_traveler_6|旅 行 者 
trp_tavern_traveler_6_pl|旅 行 者 
trp_tavern_traveler_7|旅 行 者 
trp_tavern_traveler_7_pl|旅 行 者 
trp_tavern_traveler_8|旅 行 者 
trp_tavern_traveler_8_pl|旅 行 者 
trp_tavern_traveler_9|旅 行 者 
trp_tavern_traveler_9_pl|旅 行 者 
trp_tavern_traveler_10|旅 行 者 
trp_tavern_traveler_10_pl|旅 行 者 
trp_tavern_bookseller_1|書 籍 商 人 
trp_tavern_bookseller_1_pl|書 籍 商 人 
trp_tavern_bookseller_2|書 籍 商 人 
trp_tavern_bookseller_2_pl|書 籍 商 人 
trp_tavern_minstrel_1|游 方 藝 人 
trp_tavern_minstrel_1_pl|游 方 藝 人 
trp_tavern_minstrel_2|著 名 作 家 
trp_tavern_minstrel_2_pl|游 方 藝 人 
trp_tavern_minstrel_3|神 秘 樂 師 
trp_tavern_minstrel_3_pl|游 方 藝 人 
trp_tavern_minstrel_4|宮 廷 詩 人 
trp_tavern_minstrel_4_pl|游 方 藝 人 
trp_tavern_minstrel_5|吟 游 詩 人 
trp_tavern_minstrel_5_pl|游 方 藝 人 
trp_kingdom_heroes_including_player_begin|kingdom heroes including player begin 
trp_kingdom_heroes_including_player_begin_pl|kingdom heroes including player begin 
trp_npc1|波 爾 查 
trp_npc1_pl|波 爾 查 
trp_npc2|馬 尼 德 
trp_npc2_pl|馬 尼 德 
trp_npc3|雅 米 拉 
trp_npc3_pl|雅 米 拉 
trp_npc4|羅 爾 夫 
trp_npc4_pl|羅 爾 夫 
trp_npc5|貝 斯 圖 爾 
trp_npc5_pl|貝 斯 圖 爾 
trp_npc6|法 提 斯 
trp_npc6_pl|法 提 斯 
trp_npc7|德 賽 維 
trp_npc7_pl|德 賽 維 
trp_npc8|馬 蒂 爾 德 
trp_npc8_pl|馬 蒂 爾 德 
trp_npc9|艾 雷 恩 
trp_npc9_pl|艾 雷 恩 
trp_npc10|班 達 克 
trp_npc10_pl|班 達 克 
trp_npc11|凱 特 琳 
trp_npc11_pl|凱 特 琳 
trp_npc12|傑 姆 斯 
trp_npc12_pl|傑 姆 斯 
trp_npc13|尼 扎 
trp_npc13_pl|尼 扎 
trp_npc14|雷 薩 裡 特 
trp_npc14_pl|雷 薩 裡 特 
trp_npc15|亞 提 曼 
trp_npc15_pl|亞 提 曼 
trp_npc16|克 雷 斯 
trp_npc16_pl|克 雷 斯 
trp_kingdom_1_lord|哈 勞 斯 國 王 
trp_kingdom_1_lord_pl|哈 勞 斯 
trp_kingdom_2_lord|亞 羅 格 爾 克 國 王 
trp_kingdom_2_lord_pl|亞 羅 格 爾 克 
trp_kingdom_3_lord|塞 加 可 汗 
trp_kingdom_3_lord_pl|塞 加 
trp_kingdom_4_lord|拉 格 納 國 王 
trp_kingdom_4_lord_pl|拉 格 納 
trp_kingdom_5_lord|葛 瑞 福 斯 國 王 
trp_kingdom_5_lord_pl|葛 瑞 福 斯 
trp_kingdom_6_lord|哈 基 姆 蘇 丹 
trp_kingdom_6_lord_pl|哈 基 姆 
trp_knight_1_1|克 拉 格 斯 波 耶 
trp_knight_1_1_pl|克 拉 格 斯 
trp_knight_1_2|迪 林 納 德 領 主 
trp_knight_1_2_pl|迪 林 納 德 
trp_knight_1_3|哈 倫 哥 斯 伯 爵 
trp_knight_1_3_pl|哈 倫 哥 斯 
trp_knight_1_4|克 萊 斯 伯 爵 
trp_knight_1_4_pl|克 萊 斯 
trp_knight_1_5|戴 格 蘭 那 伯 爵 
trp_knight_1_5_pl|戴 格 蘭 那 
trp_knight_1_6|特 瑞 典 領 主 
trp_knight_1_6_pl|特 瑞 典 
trp_knight_1_7|格 雷 恩 沃 德 領 主 
trp_knight_1_7_pl|格 雷 恩 沃 德 
trp_knight_1_8|瑞 伊 斯 領 主 
trp_knight_1_8_pl|瑞 伊 斯 
trp_knight_1_9|普 拉 伊 斯 領 主 
trp_knight_1_9_pl|普 拉 伊 斯 
trp_knight_1_10|米 喬 德 伯 爵 
trp_knight_1_10_pl|米 喬 德 
trp_knight_1_11|斯 達 瑪 領 主 
trp_knight_1_11_pl|斯 達 瑪 
trp_knight_1_12|梅 爾 特 波 耶 
trp_knight_1_12_pl|梅 爾 特 
trp_knight_1_13|伯 蘭 茲 領 主 
trp_knight_1_13_pl|伯 蘭 茲 
trp_knight_1_14|拉 法 德 領 主 
trp_knight_1_14_pl|拉 法 德 
trp_knight_1_15|羅 格 斯 領 主 
trp_knight_1_15_pl|羅 格 斯 
trp_knight_1_16|戴 爾 威 廉 領 主 
trp_knight_1_16_pl|戴 爾 威 廉 
trp_knight_1_17|拉 法 齊 伯 爵 
trp_knight_1_17_pl|拉 法 齊 
trp_knight_1_18|羅 車 巴 斯 波 耶 
trp_knight_1_18_pl|羅 車 巴 斯 
trp_knight_1_19|迪 斯 平 伯 爵 
trp_knight_1_19_pl|迪 斯 平 
trp_knight_1_20|蒙 特 維 爾 領 主 
trp_knight_1_20_pl|蒙 特 維 爾 
trp_knight_2_1|伏 爾 德 拉 特 波 耶 
trp_knight_2_1_pl|伏 爾 德 拉 特 
trp_knight_2_2|羅 德 拉 領 主 
trp_knight_2_2_pl|羅 德 拉 
trp_knight_2_3|馬 利 加 領 主 
trp_knight_2_3_pl|馬 利 加 
trp_knight_2_4|哈 維 爾 波 耶 
trp_knight_2_4_pl|哈 維 爾 
trp_knight_2_5|多 魯 波 耶 
trp_knight_2_5_pl|多 魯 
trp_knight_2_6|貝 爾 加 魯 領 主 
trp_knight_2_6_pl|貝 爾 加 魯 
trp_knight_2_7|拉 爾 恰 領 主 
trp_knight_2_7_pl|拉 爾 恰 
trp_knight_2_8|維 蘭 波 耶 
trp_knight_2_8_pl|維 蘭 
trp_knight_2_9|穆 列 扎 領 主 
trp_knight_2_9_pl|穆 列 扎 
trp_knight_2_10|奈 爾 格 伯 爵 
trp_knight_2_10_pl|奈 爾 格 
trp_knight_2_11|格 拉 斯 克 伯 爵 
trp_knight_2_11_pl|格 拉 斯 克 
trp_knight_2_12|博 拉 查 伯 爵 
trp_knight_2_12_pl|博 拉 查 
trp_knight_2_13|德 魯 波 耶 
trp_knight_2_13_pl|德 魯 
trp_knight_2_14|馬 穆 恩 伯 爵 
trp_knight_2_14_pl|馬 穆 恩 
trp_knight_2_15|加 斯 提 亞 伯 爵 
trp_knight_2_15_pl|加 斯 提 亞 
trp_knight_2_16|哈 瑞 斯 波 耶 
trp_knight_2_16_pl|哈 瑞 斯 
trp_knight_2_17|泰 沙 領 主 
trp_knight_2_17_pl|泰 沙 
trp_knight_2_18|瓦 裡 西 恩 領 主 
trp_knight_2_18_pl|瓦 裡 西 恩 
trp_knight_2_19|魯 迪 波 耶 
trp_knight_2_19_pl|魯 迪 
trp_knight_2_20|庫 穆 巴 領 主 
trp_knight_2_20_pl|庫 穆 巴 
trp_knight_3_1|阿 骨 爾 領 主 
trp_knight_3_1_pl|阿 骨 爾 
trp_knight_3_2|拖 巨 伯 爵 
trp_knight_3_2_pl|拖 巨 
trp_knight_3_3|博 力 波 耶 
trp_knight_3_3_pl|博 力 
trp_knight_3_4|阿 速 干 伯 爵 
trp_knight_3_4_pl|阿 速 干 
trp_knight_3_5|博 虜 剌 領 主 
trp_knight_3_5_pl|博 虜 剌 
trp_knight_3_6|伊 迷 扎 領 主 
trp_knight_3_6_pl|伊 迷 扎 
trp_knight_3_7|烏 幕 答 領 主 
trp_knight_3_7_pl|烏 幕 答 
trp_knight_3_8|剌 幕 克 波 耶 
trp_knight_3_8_pl|剌 幕 克 
trp_knight_3_9|察 烏 卡 領 主 
trp_knight_3_9_pl|察 烏 卡 
trp_knight_3_10|色 布 剌 伯 爵 
trp_knight_3_10_pl|色 布 剌 
trp_knight_3_11|屠 盧 哥 伯 爵 
trp_knight_3_11_pl|屠 盧 哥 
trp_knight_3_12|那 顏 納 伯 爵 
trp_knight_3_12_pl|納 速 給 
trp_knight_3_13|烏 拜 領 主 
trp_knight_3_13_pl|烏 拜 
trp_knight_3_14|忽 古 領 主 
trp_knight_3_14_pl|忽 古 
trp_knight_3_15|坦 速 該 領 主 
trp_knight_3_15_pl|坦 速 該 
trp_knight_3_16|提 力 達 波 耶 
trp_knight_3_16_pl|提 力 達 
trp_knight_3_17|烏 虜 撒 買 伯 爵 
trp_knight_3_17_pl|烏 虜 撒 買 
trp_knight_3_18|喀 剌 般 波 耶 
trp_knight_3_18_pl|喀 剌 般 
trp_knight_3_19|阿 卡 丹 波 耶 
trp_knight_3_19_pl|阿 卡 丹 
trp_knight_3_20|頓 都 石 波 耶 
trp_knight_3_20_pl|頓 都 石 
trp_knight_4_1|伊 登 領 主 
trp_knight_4_1_pl|伊 登 
trp_knight_4_2|伊 阿 亞 領 主 
trp_knight_4_2_pl|伊 阿 亞 
trp_knight_4_3|奧 拉 夫 伯 爵 
trp_knight_4_3_pl|奧 拉 夫 
trp_knight_4_4|瑞 馬 爾 德 領 主 
trp_knight_4_4_pl|瑞 馬 爾 德 
trp_knight_4_5|圖 亞 伯 爵 
trp_knight_4_5_pl|圖 亞 
trp_knight_4_6|剛 德 波 耶 
trp_knight_4_6_pl|剛 德 
trp_knight_4_7|哈 羅 德 領 主 
trp_knight_4_7_pl|哈 羅 德 
trp_knight_4_8|魯 達 波 耶 
trp_knight_4_8_pl|魯 達 
trp_knight_4_9|海 達 波 耶 
trp_knight_4_9_pl|海 達 
trp_knight_4_10|特 爾 格 領 主 
trp_knight_4_10_pl|特 爾 格 
trp_knight_4_11|羅 格 森 領 主 
trp_knight_4_11_pl|羅 格 森 
trp_knight_4_12|艾 爾 瑞 克 波 耶 
trp_knight_4_12_pl|艾 爾 瑞 克 
trp_knight_4_13|法 恩 領 主 
trp_knight_4_13_pl|法 恩 
trp_knight_4_14|博 爾 巴 領 主 
trp_knight_4_14_pl|博 爾 巴 
trp_knight_4_15|雷 耶 克 波 耶 
trp_knight_4_15_pl|雷 耶 克 
trp_knight_4_16|迪 裡 剛 領 主 
trp_knight_4_16_pl|迪 裡 剛 
trp_knight_4_17|馬 拉 伊 爾 領 主 
trp_knight_4_17_pl|馬 拉 伊 爾 
trp_knight_4_18|吉 爾 斯 伯 爵 
trp_knight_4_18_pl|吉 爾 斯 
trp_knight_4_19|索 爾 頓 領 主 
trp_knight_4_19_pl|索 爾 頓 
trp_knight_4_20|加 拉 德 波 耶 
trp_knight_4_20_pl|加 拉 德 
trp_knight_5_1|馬 特 阿 斯 領 主 
trp_knight_5_1_pl|馬 特 阿 斯 
trp_knight_5_2|格 特 拉 斯 波 耶 
trp_knight_5_2_pl|格 特 拉 斯 
trp_knight_5_3|拉 魯 肯 波 耶 
trp_knight_5_3_pl|拉 魯 肯 
trp_knight_5_4|賴 齊 斯 伯 爵 
trp_knight_5_4_pl|賴 齊 斯 
trp_knight_5_5|雷 蘭 德 領 主 
trp_knight_5_5_pl|雷 蘭 德 
trp_knight_5_6|塔 齊 亞 斯 波 耶 
trp_knight_5_6_pl|塔 齊 亞 斯 
trp_knight_5_7|傑 哈 茂 爾 領 主 
trp_knight_5_7_pl|傑 哈 茂 爾 
trp_knight_5_8|塔 爾 巴 領 主 
trp_knight_5_8_pl|塔 爾 巴 
trp_knight_5_9|裡 穆 斯 克 波 耶 
trp_knight_5_9_pl|裡 穆 斯 克 
trp_knight_5_10|法 爾 塞 弗 伯 爵 
trp_knight_5_10_pl|法 爾 塞 弗 
trp_knight_5_11|艾 特 羅 斯 克 伯 爵 
trp_knight_5_11_pl|艾 特 羅 斯 克 
trp_knight_5_12|庫 尼 亞 斯 領 主 
trp_knight_5_12_pl|庫 尼 亞 斯 
trp_knight_5_13|泰 羅 格 波 耶 
trp_knight_5_13_pl|泰 羅 格 
trp_knight_5_14|圖 比 頓 領 主 
trp_knight_5_14_pl|圖 比 頓 
trp_knight_5_15|加 魯 奇 波 耶 
trp_knight_5_15_pl|加 魯 奇 
trp_knight_5_16|弗 德 利 穆 伯 爵 
trp_knight_5_16_pl|弗 德 利 穆 
trp_knight_5_17|尼 爾 恰 波 耶 
trp_knight_5_17_pl|尼 爾 恰 
trp_knight_5_18|法 拉 奇 領 主 
trp_knight_5_18_pl|法 拉 奇 
trp_knight_5_19|圖 穆 巴 伯 爵 
trp_knight_5_19_pl|圖 穆 巴 
trp_knight_5_20|瑞 齊 森 波 耶 
trp_knight_5_20_pl|瑞 齊 森 
trp_knight_6_1|烏 凱 斯 波 耶 
trp_knight_6_1_pl|烏 凱 斯 
trp_knight_6_2|哈 麼 贊 伯 爵 
trp_knight_6_2_pl|哈 麼 贊 
trp_knight_6_3|阿 提 斯 波 耶 
trp_knight_6_3_pl|阿 提 斯 
trp_knight_6_4|努 瓦 斯 波 耶 
trp_knight_6_4_pl|努 瓦 斯 
trp_knight_6_5|蒙 德 哈 裡 領 主 
trp_knight_6_5_pl|蒙 德 哈 裡 
trp_knight_6_6|哈 納 瓦 波 耶 
trp_knight_6_6_pl|哈 納 瓦 
trp_knight_6_7|努 阿 姆 領 主 
trp_knight_6_7_pl|努 阿 姆 
trp_knight_6_8|迪 烏 領 主 
trp_knight_6_8_pl|迪 烏 
trp_knight_6_9|拉 庫 姆 波 耶 
trp_knight_6_9_pl|拉 庫 姆 
trp_knight_6_10|胡 拉 森 領 主 
trp_knight_6_10_pl|胡 拉 森 
trp_knight_6_11|阿 扎 頓 領 主 
trp_knight_6_11_pl|阿 扎 頓 
trp_knight_6_12|庫 魯 阿 斯 領 主 
trp_knight_6_12_pl|庫 魯 阿 斯 
trp_knight_6_13|阿 姆 達 領 主 
trp_knight_6_13_pl|阿 姆 達 
trp_knight_6_14|西 瓦 波 耶 
trp_knight_6_14_pl|西 瓦 
trp_knight_6_15|穆 哈 伊 波 耶 
trp_knight_6_15_pl|穆 哈 伊 
trp_knight_6_16|阿 亞 姆 伯 爵 
trp_knight_6_16_pl|阿 亞 姆 
trp_knight_6_17|拉 都 領 主 
trp_knight_6_17_pl|拉 都 
trp_knight_6_18|提 裡 穆 薩 領 主 
trp_knight_6_18_pl|提 裡 穆 薩 
trp_knight_6_19|哈 什 萬 伯 爵 
trp_knight_6_19_pl|哈 什 萬 
trp_knight_6_20|比 力 亞 伯 爵 
trp_knight_6_20_pl|比 力 亞 
trp_kingdom_1_pretender|蘇 諾 的 艾 索 娜 夫 人 
trp_kingdom_1_pretender_pl|艾 索 娜 
trp_kingdom_2_pretender|私 生 子 維 迪 姆 王 子 
trp_kingdom_2_pretender_pl|維 迪 姆 
trp_kingdom_3_pretender|達 斯 塔 姆 可 汗 
trp_kingdom_3_pretender_pl|達 斯 塔 姆 
trp_kingdom_4_pretender|先 知 勒 斯 汶 
trp_kingdom_4_pretender_pl|勒 斯 汶 
trp_kingdom_5_pretender|維 魯 加 的 凱 斯 托 領 主 
trp_kingdom_5_pretender_pl|凱 斯 托 
trp_kingdom_6_pretender|珍 珠 之 光 阿 爾 瓦 
trp_kingdom_6_pretender_pl|阿 爾 瓦 
trp_knight_1_1_wife|knight 1 1 wife
trp_knight_1_1_wife_pl|knight 1 1 wife
trp_kingdom_1_lady_1|安 娜 女 士 
trp_kingdom_1_lady_1_pl|安 娜 
trp_kingdom_1_lady_2|奈 爾 達 女 士 
trp_kingdom_1_lady_2_pl|奈 爾 達 
trp_knight_1_lady_3|貝 娜 女 士 
trp_knight_1_lady_3_pl|貝 娜 
trp_knight_1_lady_4|艾 麗 娜 女 士 
trp_knight_1_lady_4_pl|艾 麗 娜 
trp_kingdom_l_lady_5|康 絲 坦 斯 女 士 
trp_kingdom_l_lady_5_pl|康 絲 坦 斯 
trp_kingdom_1_lady_6|維 拉 女 士 
trp_kingdom_1_lady_6_pl|維 拉 
trp_kingdom_1_lady_7|奧 貝 麗 娜 女 士 
trp_kingdom_1_lady_7_pl|奧 貝 麗 娜 
trp_kingdom_1_lady_8|蒂 貝 爾 女 士 
trp_kingdom_1_lady_8_pl|蒂 貝 爾 
trp_kingdom_1_lady_9|瑪 蓋 爾 女 士 
trp_kingdom_1_lady_9_pl|瑪 蓋 爾 
trp_kingdom_1_lady_10|哲 朵 莎 女 士 
trp_kingdom_1_lady_10_pl|哲 朵 莎 
trp_kingdom_1_lady_11|梅 麗 莎 女 士 
trp_kingdom_1_lady_11_pl|梅 麗 莎 
trp_kingdom_1_lady_12|依 瑞 納 女 士 
trp_kingdom_1_lady_12_pl|依 瑞 納 
trp_kingdom_l_lady_13|菲 麗 娜 女 士 
trp_kingdom_l_lady_13_pl|菲 麗 娜 
trp_kingdom_1_lady_14|索 娜 德 女 士 
trp_kingdom_1_lady_14_pl|索 娜 德 
trp_kingdom_1_lady_15|波 迪 拉 女 士 
trp_kingdom_1_lady_15_pl|波 迪 拉 
trp_kingdom_1_lady_16|愛 麗 捨 女 士 
trp_kingdom_1_lady_16_pl|愛 麗 捨 
trp_kingdom_1_lady_17|喬 安 娜 女 士 
trp_kingdom_1_lady_17_pl|喬 安 娜 
trp_kingdom_1_lady_18|伯 納 圖 斯 女 士 
trp_kingdom_1_lady_18_pl|伯 納 圖 斯 
trp_kingdom_1_lady_19|安 瑞 卡 塔 女 士 
trp_kingdom_1_lady_19_pl|安 瑞 卡 塔 
trp_kingdom_1_lady_20|佳 艾 塔 女 士 
trp_kingdom_1_lady_20_pl|佳 艾 塔 
trp_kingdom_2_lady_1|朱 麗 莎 女 士 
trp_kingdom_2_lady_1_pl|朱 麗 莎 
trp_kingdom_2_lady_2|凱 提 亞 女 士 
trp_kingdom_2_lady_2_pl|凱 提 亞 
trp_kingdom_2_lady_3|瑟 歐 密 斯 女 士 
trp_kingdom_2_lady_3_pl|瑟 歐 密 斯 
trp_kingdom_2_lady_4|德 瑞 娜 女 士 
trp_kingdom_2_lady_4_pl|德 瑞 娜 
trp_kingdom_2_lady_5|內 莎 女 士 
trp_kingdom_2_lady_5_pl|內 莎 
trp_kingdom_2_lady_6|塔 芭 提 女 士 
trp_kingdom_2_lady_6_pl|塔 芭 提 
trp_kingdom_2_lady_7|佩 爾 卡 女 士 
trp_kingdom_2_lady_7_pl|佩 爾 卡 
trp_kingdom_2_lady_8|海 瑞 絲 女 士 
trp_kingdom_2_lady_8_pl|海 瑞 絲 
trp_kingdom_2_lady_9|法 耶 女 士 
trp_kingdom_2_lady_9_pl|法 耶 
trp_kingdom_2_lady_10|約 卡 女 士 
trp_kingdom_2_lady_10_pl|約 卡 
trp_kingdom_2_lady_11|特 吉 娜 女 士 
trp_kingdom_2_lady_11_pl|特 吉 娜 
trp_kingdom_2_lady_12|奧 克 莎 女 士 
trp_kingdom_2_lady_12_pl|奧 克 莎 
trp_kingdom_2_lady_13|瑪 塔 女 士 
trp_kingdom_2_lady_13_pl|瑪 塔 
trp_kingdom_2_lady_14|安 吉 麗 娜 女 士 
trp_kingdom_2_lady_14_pl|安 吉 麗 娜 
trp_kingdom_2_lady_15|瑟 帕 納 女 士 
trp_kingdom_2_lady_15_pl|瑟 帕 納 
trp_kingdom_2_lady_16|艾 瑞 納 女 士 
trp_kingdom_2_lady_16_pl|艾 瑞 納 
trp_kingdom_2_lady_17|斯 哈 維 女 士 
trp_kingdom_2_lady_17_pl|斯 哈 維 
trp_kingdom_2_lady_18|艾 瑞 琦 娜 女 士 
trp_kingdom_2_lady_18_pl|艾 瑞 琦 娜 
trp_kingdom_2_lady_19|塔 瑪 女 士 
trp_kingdom_2_lady_19_pl|塔 瑪 
trp_kingdom_2_lady_20|沃 卡 女 士 
trp_kingdom_2_lady_20_pl|沃 卡 
trp_kingdom_3_lady_1|保 格 女 士 
trp_kingdom_3_lady_1_pl|保 格 
trp_kingdom_3_lady_2|圖 安 女 士 
trp_kingdom_3_lady_2_pl|圖 安 
trp_kingdom_3_lady_3|瑪 拉 茲 女 士 
trp_kingdom_3_lady_3_pl|瑪 拉 茲 
trp_kingdom_3_lady_4|艾 蘇 女 士 
trp_kingdom_3_lady_4_pl|艾 蘇 
trp_kingdom_3_lady_5|拉 薇 女 士 
trp_kingdom_3_lady_5_pl|拉 薇 
trp_kingdom_3_lady_6|露 哈 女 士 
trp_kingdom_3_lady_6_pl|露 哈 
trp_kingdom_3_lady_7|科 迪 娜 女 士 
trp_kingdom_3_lady_7_pl|科 迪 娜 
trp_kingdom_3_lady_8|科 菲 女 士 
trp_kingdom_3_lady_8_pl|科 菲 
trp_kingdom_3_lady_9|尼 瑞 茲 女 士 
trp_kingdom_3_lady_9_pl|尼 瑞 茲 
trp_kingdom_3_lady_10|杜 露 女 士 
trp_kingdom_3_lady_10_pl|杜 露 
trp_kingdom_3_lady_11|捨 麗 科 女 士 
trp_kingdom_3_lady_11_pl|捨 麗 科 
trp_kingdom_3_lady_12|塔 拉 塔 女 士 
trp_kingdom_3_lady_12_pl|塔 拉 塔 
trp_kingdom_3_lady_13|雅 斯 瑞 女 士 
trp_kingdom_3_lady_13_pl|雅 斯 瑞 
trp_kingdom_3_lady_14|娜 哈 女 士 
trp_kingdom_3_lady_14_pl|娜 哈 
trp_kingdom_3_lady_15|澤 努 女 士 
trp_kingdom_3_lady_15_pl|澤 努 
trp_kingdom_3_lady_16|阿 吉 斯 女 士 
trp_kingdom_3_lady_16_pl|澤 努 
trp_kingdom_3_lady_17|安 亞 汗 女 士 
trp_kingdom_3_lady_17_pl|安 亞 汗 
trp_kingdom_3_lady_18|庫 塔 拉 女 士 
trp_kingdom_3_lady_18_pl|庫 塔 拉 
trp_kingdom_3_lady_19|辛 黛 爾 女 士 
trp_kingdom_3_lady_19_pl|辛 黛 爾 
trp_kingdom_3_lady_20|瑪 歇 特 女 士 
trp_kingdom_3_lady_20_pl|瑪 歇 特 
trp_kingdom_4_lady_1|佳 德 絲 女 士 
trp_kingdom_4_lady_1_pl|佳 德 絲 
trp_kingdom_4_lady_2|米 艾 女 士 
trp_kingdom_4_lady_2_pl|米 艾 
trp_kingdom_4_lady_3|卓 娜 女 士 
trp_kingdom_4_lady_3_pl|卓 娜 
trp_kingdom_4_lady_4|綱 德 女 士 
trp_kingdom_4_lady_4_pl|綱 德 
trp_kingdom_4_lady_5|羅 卡 女 士 
trp_kingdom_4_lady_5_pl|羅 卡 
trp_kingdom_4_lady_6|波 瑞 女 士 
trp_kingdom_4_lady_6_pl|波 瑞 
trp_kingdom_4_lady_7|伊 瑞 女 士 
trp_kingdom_4_lady_7_pl|伊 瑞 
trp_knight_4_2b_daughter_1|特 拉 女 士 
trp_knight_4_2b_daughter_1_pl|特 拉 
trp_kingdom_4_lady_9|辛 德 女 士 
trp_kingdom_4_lady_9_pl|辛 德 
trp_knight_4_2c_wife_1|恩 葛 瑞 德 女 士 
trp_knight_4_2c_wife_1_pl|恩 葛 瑞 德 
trp_kingdom_4_lady_11|赫 亞 絲 女 士 
trp_kingdom_4_lady_11_pl|赫 亞 絲 
trp_knight_4_2c_daughter|絲 薇 普 女 士 
trp_knight_4_2c_daughter_pl|絲 薇 普 
trp_knight_4_1b_wife|英 甘 恩 女 士 
trp_knight_4_1b_wife_pl|英 甘 恩 
trp_kingdom_4_lady_14|卡 特 麗 女 士 
trp_kingdom_4_lady_14_pl|卡 特 麗 
trp_knight_4_1b_daughter|埃 麗 芙 女 士 
trp_knight_4_1b_daughter_pl|埃 麗 芙 
trp_knight_4_2b_daughter_2|古 德 瑞 女 士 
trp_knight_4_2b_daughter_2_pl|古 德 瑞 
trp_kingdom_4_lady_17|波 吉 特 女 士 
trp_kingdom_4_lady_17_pl|波 吉 特 
trp_knight_4_2c_wife_2|艾 莎 女 士 
trp_knight_4_2c_wife_2_pl|艾 莎 
trp_knight_4_1c_daughter|艾 弗 瑞 女 士 
trp_knight_4_1c_daughter_pl|艾 弗 瑞 
trp_kingdom_4_lady_20|埃 菲 德 女 士 
trp_kingdom_4_lady_20_pl|埃 菲 德 
trp_kingdom_5_lady_1|布 瑞 娜 女 士 
trp_kingdom_5_lady_1_pl|布 瑞 娜 
trp_kingdom_5_lady_2|阿 琳 娜 女 士 
trp_kingdom_5_lady_2_pl|阿 琳 娜 
trp_kingdom_5_lady_3|阿 拉 絲 女 士 
trp_kingdom_5_lady_3_pl|阿 拉 絲 
trp_kingdom_5_lady_4|瑞 德 女 士 
trp_kingdom_5_lady_4_pl|瑞 德 
trp_kingdom_5_5_wife|薩 拉 籐 女 士 
trp_kingdom_5_5_wife_pl|薩 拉 籐 
trp_kingdom_5_2b_wife_1|波 特 艾 女 士 
trp_kingdom_5_2b_wife_1_pl|波 特 艾 
trp_kingdom_5_1c_daughter_1|艾 倫 達 女 士 
trp_kingdom_5_1c_daughter_1_pl|艾 倫 達 
trp_kingdom_5_2c_daughter_1|莫 瑞 絲 德 女 士 
trp_kingdom_5_2c_daughter_1_pl|莫 瑞 絲 德 
trp_kingdom_5_1c_wife_1|艾 德 麗 薩 女 士 
trp_kingdom_5_1c_wife_1_pl|艾 德 麗 薩 
trp_kingdom_5_2c_wife_1|卡 拉 提 娜 女 士 
trp_kingdom_5_2c_wife_1_pl|卡 拉 提 娜 
trp_kingdom_5_1c_daughter_2|弗 貝 薩 女 士 
trp_kingdom_5_1c_daughter_2_pl|弗 貝 薩 
trp_kingdom_5_2c_daughter_2|卡 勞 朵 拉 女 士 
trp_kingdom_5_2c_daughter_2_pl|卡 勞 朵 拉 
trp_kingdom_5_1b_wife|安 娜 絲 女 士 
trp_kingdom_5_1b_wife_pl|安 娜 絲 
trp_kingdom_5_2b_wife_2|密 瑞 雅 女 士 
trp_kingdom_5_2b_wife_2_pl|密 瑞 雅 
trp_kingdom_5_1c_daughter_3|安 格 薩 女 士 
trp_kingdom_5_1c_daughter_3_pl|安 格 薩 
trp_kingdom_5_lady_16|格 內 拉 女 士 
trp_kingdom_5_lady_16_pl|格 內 拉 
trp_kingdom_5_1c_wife_2|戈 雯 艾 女 士 
trp_kingdom_5_1c_wife_2_pl|戈 雯 艾 
trp_kingdom_5_2c_wife_2|依 蘇 特 女 士 
trp_kingdom_5_2c_wife_2_pl|依 蘇 特 
trp_kingdom_5_1c_daughter_4|艾 琳 娜 女 士 
trp_kingdom_5_1c_daughter_4_pl|艾 琳 娜 
trp_kingdom_5_lady_20|提 默 特 女 士 
trp_kingdom_5_lady_20_pl|提 默 特 
trp_kingdom_6_lady_1|瑞 瑪 女 士 
trp_kingdom_6_lady_1_pl|瑞 瑪 
trp_kingdom_6_lady_2|贊 艾 哈 女 士 
trp_kingdom_6_lady_2_pl|贊 艾 哈 
trp_kingdom_6_lady_3|蘇 拉 哈 女 士 
trp_kingdom_6_lady_3_pl|蘇 拉 哈 
trp_kingdom_6_lady_4|莎 塔 女 士 
trp_kingdom_6_lady_4_pl|莎 塔 
trp_kingdom_6_lady_5|芭 贊 女 士 
trp_kingdom_6_lady_5_pl|芭 贊 
trp_kingdom_6_lady_6|瑪 哈 伊 女 士 
trp_kingdom_6_lady_6_pl|瑪 哈 伊 
trp_kingdom_6_lady_7|伊 斯 納 女 士 
trp_kingdom_6_lady_7_pl|伊 斯 納 
trp_kingdom_6_lady_8|斯 婭 凡 女 士 
trp_kingdom_6_lady_8_pl|斯 婭 凡 
trp_kingdom_6_lady_9|伊 法 女 士 
trp_kingdom_6_lady_9_pl|伊 法 
trp_kingdom_6_lady_10|雅 斯 米 女 士 
trp_kingdom_6_lady_10_pl|雅 斯 米 
trp_kingdom_6_lady_11|杜 拉 女 士 
trp_kingdom_6_lady_11_pl|杜 拉 
trp_kingdom_6_lady_12|魯 瓦 女 士 
trp_kingdom_6_lady_12_pl|魯 瓦 
trp_kingdom_6_lady_13|羅 卡 女 士 
trp_kingdom_6_lady_13_pl|羅 卡 
trp_kingdom_6_lady_14|贊 迪 娜 女 士 
trp_kingdom_6_lady_14_pl|贊 迪 娜 
trp_kingdom_6_lady_15|露 雅 女 士 
trp_kingdom_6_lady_15_pl|露 雅 
trp_kingdom_6_lady_16|扎 哈 拉 女 士 
trp_kingdom_6_lady_16_pl|扎 哈 拉 
trp_kingdom_6_lady_17|薩 菲 亞 女 士 
trp_kingdom_6_lady_17_pl|薩 菲 亞 
trp_kingdom_6_lady_18|卡 麗 薩 女 士 
trp_kingdom_6_lady_18_pl|卡 麗 薩 
trp_kingdom_6_lady_19|佳 納 比 女 士 
trp_kingdom_6_lady_19_pl|佳 納 比 
trp_kingdom_6_lady_20|蘇 爾 女 士 
trp_kingdom_6_lady_20_pl|蘇 爾 
trp_town_1_arena_master|競 技 場 老 板 
trp_town_2_arena_master|競 技 場 老 板 
trp_town_3_arena_master|競 技 場 老 板 
trp_town_4_arena_master|競 技 場 老 板 
trp_town_5_arena_master|競 技 場 老 板 
trp_town_6_arena_master|競 技 場 老 板 
trp_town_7_arena_master|競 技 場 老 板 
trp_town_8_arena_master|競 技 場 老 板 
trp_town_9_arena_master|競 技 場 老 板 
trp_town_10_arena_master|競 技 場 老 板 
trp_town_11_arena_master|競 技 場 老 板 
trp_town_12_arena_master|競 技 場 老 板 
trp_town_13_arena_master|競 技 場 老 板 
trp_town_14_arena_master|競 技 場 老 板 
trp_town_15_arena_master|競 技 場 老 板 
trp_town_16_arena_master|競 技 場 老 板 
trp_town_17_arena_master|競 技 場 老 板 
trp_town_18_arena_master|競 技 場 老 板 
trp_town_19_arena_master|競 技 場 老 板 
trp_town_20_arena_master|競 技 場 老 板 
trp_town_21_arena_master|競 技 場 老 板 
trp_town_22_arena_master|競 技 場 老 板 
trp_town_1_armorer|防 具 商 人 
trp_town_2_armorer|防 具 商 人 
trp_town_3_armorer|防 具 商 人 
trp_town_4_armorer|防 具 商 人 
trp_town_5_armorer|防 具 商 人 
trp_town_6_armorer|防 具 商 人 
trp_town_7_armorer|防 具 商 人 
trp_town_8_armorer|防 具 商 人 
trp_town_9_armorer|防 具 商 人 
trp_town_10_armorer|防 具 商 人 
trp_town_11_armorer|防 具 商 人 
trp_town_12_armorer|防 具 商 人 
trp_town_13_armorer|防 具 商 人 
trp_town_14_armorer|防 具 商 人 
trp_town_15_armorer|防 具 商 人 
trp_town_16_armorer|防 具 商 人 
trp_town_17_armorer|防 具 商 人 
trp_town_18_armorer|防 具 商 人 
trp_town_19_armorer|防 具 商 人 
trp_town_20_armorer|防 具 商 人 
trp_town_21_armorer|防 具 商 人 
trp_town_22_armorer|防 具 商 人 
trp_town_1_weaponsmith|武 器 商 人 
trp_town_2_weaponsmith|武 器 商 人 
trp_town_3_weaponsmith|武 器 商 人 
trp_town_4_weaponsmith|武 器 商 人 
trp_town_5_weaponsmith|武 器 商 人 
trp_town_6_weaponsmith|武 器 商 人 
trp_town_7_weaponsmith|武 器 商 人 
trp_town_8_weaponsmith|武 器 商 人 
trp_town_9_weaponsmith|武 器 商 人 
trp_town_10_weaponsmith|武 器 商 人 
trp_town_11_weaponsmith|武 器 商 人 
trp_town_12_weaponsmith|武 器 商 人 
trp_town_13_weaponsmith|武 器 商 人 
trp_town_14_weaponsmith|武 器 商 人 
trp_town_15_weaponsmith|武 器 商 人 
trp_town_16_weaponsmith|武 器 商 人 
trp_town_17_weaponsmith|武 器 商 人 
trp_town_18_weaponsmith|武 器 商 人 
trp_town_19_weaponsmith|武 器 商 人 
trp_town_20_weaponsmith|武 器 商 人 
trp_town_21_weaponsmith|武 器 商 人 
trp_town_22_weaponsmith|武 器 商 人 
trp_town_1_tavernkeeper|酒 館 老 板 
trp_town_2_tavernkeeper|酒 館 老 板 
trp_town_3_tavernkeeper|酒 館 老 板 
trp_town_4_tavernkeeper|酒 館 老 板 
trp_town_5_tavernkeeper|酒 館 老 板 
trp_town_6_tavernkeeper|酒 館 老 板 
trp_town_7_tavernkeeper|酒 館 老 板 
trp_town_8_tavernkeeper|酒 館 老 板 
trp_town_9_tavernkeeper|酒 館 老 板 
trp_town_10_tavernkeeper|酒 館 老 板 
trp_town_11_tavernkeeper|酒 館 老 板 
trp_town_12_tavernkeeper|酒 館 老 板 
trp_town_13_tavernkeeper|酒 館 老 板 
trp_town_14_tavernkeeper|酒 館 老 板 
trp_town_15_tavernkeeper|酒 館 老 板 
trp_town_16_tavernkeeper|酒 館 老 板 
trp_town_17_tavernkeeper|酒 館 老 板 
trp_town_18_tavernkeeper|酒 館 老 板 
trp_town_19_tavernkeeper|酒 館 老 板 
trp_town_20_tavernkeeper|酒 館 老 板 
trp_town_21_tavernkeeper|酒 館 老 板 
trp_town_22_tavernkeeper|酒 館 老 板 
trp_town_1_merchant|雜 貨 商 人 
trp_town_2_merchant|雜 貨 商 人 
trp_town_3_merchant|雜 貨 商 人 
trp_town_4_merchant|雜 貨 商 人 
trp_town_5_merchant|雜 貨 商 人 
trp_town_6_merchant|雜 貨 商 人 
trp_town_7_merchant|雜 貨 商 人 
trp_town_8_merchant|雜 貨 商 人 
trp_town_9_merchant|雜 貨 商 人 
trp_town_10_merchant|雜 貨 商 人 
trp_town_11_merchant|雜 貨 商 人 
trp_town_12_merchant|雜 貨 商 人 
trp_town_13_merchant|雜 貨 商 人 
trp_town_14_merchant|雜 貨 商 人 
trp_town_15_merchant|雜 貨 商 人 
trp_town_16_merchant|雜 貨 商 人 
trp_town_17_merchant|雜 貨 商 人 
trp_town_18_merchant|雜 貨 商 人 
trp_town_19_merchant|雜 貨 商 人 
trp_town_20_merchant|雜 貨 商 人 
trp_town_21_merchant|雜 貨 商 人 
trp_town_22_merchant|雜 貨 商 人 
trp_salt_mine_merchant|巴 瑞 贊 
trp_salt_mine_merchant_pl|巴 瑞 贊 
trp_town_1_horse_merchant|馬 匹 販 子 
trp_town_2_horse_merchant|馬 匹 販 子 
trp_town_3_horse_merchant|馬 匹 販 子 
trp_town_4_horse_merchant|馬 匹 販 子 
trp_town_5_horse_merchant|馬 匹 販 子 
trp_town_6_horse_merchant|馬 匹 販 子 
trp_town_7_horse_merchant|馬 匹 販 子 
trp_town_8_horse_merchant|馬 匹 販 子 
trp_town_9_horse_merchant|馬 匹 販 子 
trp_town_10_horse_merchant|馬 匹 販 子 
trp_town_11_horse_merchant|馬 匹 販 子 
trp_town_12_horse_merchant|馬 匹 販 子 
trp_town_13_horse_merchant|馬 匹 販 子 
trp_town_14_horse_merchant|馬 匹 販 子 
trp_town_15_horse_merchant|馬 匹 販 子 
trp_town_16_horse_merchant|馬 匹 販 子 
trp_town_17_horse_merchant|馬 匹 販 子 
trp_town_18_horse_merchant|馬 匹 販 子 
trp_town_19_horse_merchant|馬 匹 販 子 
trp_town_20_horse_merchant|馬 匹 販 子 
trp_town_21_horse_merchant|馬 匹 販 子 
trp_town_22_horse_merchant|馬 匹 販 子 
trp_town_1_mayor|鎮 長 
trp_town_2_mayor|鎮 長 
trp_town_3_mayor|鎮 長 
trp_town_4_mayor|鎮 長 
trp_town_5_mayor|鎮 長 
trp_town_6_mayor|鎮 長 
trp_town_7_mayor|鎮 長 
trp_town_8_mayor|鎮 長 
trp_town_9_mayor|鎮 長 
trp_town_10_mayor|鎮 長 
trp_town_11_mayor|鎮 長 
trp_town_12_mayor|鎮 長 
trp_town_13_mayor|鎮 長 
trp_town_14_mayor|鎮 長 
trp_town_15_mayor|鎮 長 
trp_town_16_mayor|鎮 長 
trp_town_17_mayor|鎮 長 
trp_town_18_mayor|鎮 長 
trp_town_19_mayor|鎮 長 
trp_town_20_mayor|鎮 長 
trp_town_21_mayor|鎮 長 
trp_town_22_mayor|鎮 長 
trp_village_1_elder|村 長 
trp_village_2_elder|村 長 
trp_village_3_elder|村 長 
trp_village_4_elder|村 長 
trp_village_5_elder|村 長 
trp_village_6_elder|村 長 
trp_village_7_elder|村 長 
trp_village_8_elder|村 長 
trp_village_9_elder|村 長 
trp_village_10_elder|村 長 
trp_village_11_elder|村 長 
trp_village_12_elder|村 長 
trp_village_13_elder|村 長 
trp_village_14_elder|村 長 
trp_village_15_elder|村 長 
trp_village_16_elder|村 長 
trp_village_17_elder|村 長 
trp_village_18_elder|村 長 
trp_village_19_elder|村 長 
trp_village_20_elder|村 長 
trp_village_21_elder|村 長 
trp_village_22_elder|村 長 
trp_village_23_elder|村 長 
trp_village_24_elder|村 長 
trp_village_25_elder|村 長 
trp_village_26_elder|村 長 
trp_village_27_elder|村 長 
trp_village_28_elder|村 長 
trp_village_29_elder|村 長 
trp_village_30_elder|村 長 
trp_village_31_elder|村 長 
trp_village_32_elder|村 長 
trp_village_33_elder|村 長 
trp_village_34_elder|村 長 
trp_village_35_elder|村 長 
trp_village_36_elder|村 長 
trp_village_37_elder|村 長 
trp_village_38_elder|村 長 
trp_village_39_elder|村 長 
trp_village_40_elder|村 長 
trp_village_41_elder|村 長 
trp_village_42_elder|村 長 
trp_village_43_elder|村 長 
trp_village_44_elder|村 長 
trp_village_45_elder|村 長 
trp_village_46_elder|村 長 
trp_village_47_elder|村 長 
trp_village_48_elder|村 長 
trp_village_49_elder|村 長 
trp_village_50_elder|村 長 
trp_village_51_elder|村 長 
trp_village_52_elder|村 長 
trp_village_53_elder|村 長 
trp_village_54_elder|村 長 
trp_village_55_elder|村 長 
trp_village_56_elder|村 長 
trp_village_57_elder|村 長 
trp_village_58_elder|村 長 
trp_village_59_elder|村 長 
trp_village_60_elder|村 長 
trp_village_61_elder|村 長 
trp_village_62_elder|村 長 
trp_village_63_elder|村 長 
trp_village_64_elder|村 長 
trp_village_65_elder|村 長 
trp_village_66_elder|村 長 
trp_village_67_elder|村 長 
trp_village_68_elder|村 長 
trp_village_69_elder|村 長 
trp_village_70_elder|村 長 
trp_village_71_elder|村 長 
trp_village_72_elder|村 長 
trp_village_73_elder|村 長 
trp_village_74_elder|村 長 
trp_village_75_elder|村 長 
trp_village_76_elder|村 長 
trp_village_77_elder|村 長 
trp_village_78_elder|村 長 
trp_village_79_elder|村 長 
trp_village_80_elder|村 長 
trp_village_81_elder|村 長 
trp_village_82_elder|村 長 
trp_village_83_elder|村 長 
trp_village_84_elder|村 長 
trp_village_85_elder|村 長 
trp_village_86_elder|村 長 
trp_village_87_elder|村 長 
trp_village_88_elder|村 長 
trp_village_89_elder|村 長 
trp_village_90_elder|村 長 
trp_village_91_elder|村 長 
trp_village_92_elder|村 長 
trp_village_93_elder|村 長 
trp_village_94_elder|村 長 
trp_village_95_elder|村 長 
trp_village_96_elder|村 長 
trp_village_97_elder|村 長 
trp_village_98_elder|村 長 
trp_village_99_elder|村 長 
trp_village_100_elder|村 長 
trp_village_101_elder|村 長 
trp_village_102_elder|村 長 
trp_village_103_elder|村 長 
trp_village_104_elder|村 長 
trp_village_105_elder|村 長 
trp_village_106_elder|村 長 
trp_village_107_elder|村 長 
trp_village_108_elder|村 長 
trp_village_109_elder|村 長 
trp_village_110_elder|村 長 
trp_merchants_end|merchants end 
trp_merchants_end_pl|merchants end 
trp_town_2_master_craftsman|高 級 染 匠 
trp_town_3_master_craftsman|高 級 搾 油 工 
trp_town_5_master_craftsman|高 級 釀 酒 工 
trp_town_10_master_craftsman|高 級 染 匠 
trp_town_11_master_craftsman|高 級 鐵 匠 
trp_town_13_master_craftsman|高 級 釀 酒 師 
trp_town_15_master_craftsman|高 級 釀 酒 工 
trp_town_16_master_craftsman|高 級 鐵 匠 
trp_town_19_master_craftsman|高 級 染 匠 
trp_town_20_master_craftsman|高 級 釀 酒 師 
trp_town_21_master_craftsman|高 級 釀 酒 師 
trp_town_22_master_craftsman|高 級 鐵 匠 
trp_local_merchant|本 地 商 人 
trp_local_merchant_pl|本 地 商 人 
trp_tax_rebel|造 反 的 農 民 
trp_tax_rebel_pl|造 反 的 農 民 
trp_trainee_peasant|農 民 
trp_trainee_peasant_pl|農 民 
trp_fugitive|緊 張 不 安 的 人 
trp_fugitive_pl|緊 張 不 安 的 人 
trp_belligerent_drunk|鬧 事 的 酒 鬼 
trp_belligerent_drunk_pl|鬧 事 的 酒 鬼 
trp_hired_assassin|職 業 刺 客 
trp_hired_assassin_pl|職 業 刺 客 
trp_fight_promoter|相 貌 粗 野 的 人 
trp_fight_promoter_pl|相 貌 粗 野 的 人 
trp_spy|普 通 的 市 民 
trp_spy_pl|普 通 的 市 民 
trp_spy_partner|不 起 眼 的 市 民 
trp_spy_partner_pl|不 起 眼 的 市 民 
trp_nurse_for_lady|女 僕 
trp_nurse_for_lady_pl|女 僕 
trp_temporary_minister|首 席 大 臣 
trp_temporary_minister_pl|首 席 大 臣 
trp_swadian_crossbowman_multiplayer_ai|斯 瓦 迪 亞 弩 手 
trp_swadian_crossbowman_multiplayer_ai_pl|斯 瓦 迪 亞 弩 手 
trp_swadian_infantry_multiplayer_ai|斯 瓦 迪 亞 步 兵 
trp_swadian_infantry_multiplayer_ai_pl|斯 瓦 迪 亞 步 兵 
trp_swadian_man_at_arms_multiplayer_ai|斯 瓦 迪 亞 重 騎 兵 
trp_swadian_man_at_arms_multiplayer_ai_pl|斯 瓦 迪 亞 重 騎 兵 
trp_vaegir_archer_multiplayer_ai|維 吉 亞 弓 箭 手 
trp_vaegir_archer_multiplayer_ai_pl|維 吉 亞 弓 箭 手 
trp_vaegir_spearman_multiplayer_ai|維 吉 亞 長 矛 手 
trp_vaegir_spearman_multiplayer_ai_pl|維 吉 亞 長 矛 手 
trp_vaegir_horseman_multiplayer_ai|維 吉 亞 騎 手 
trp_vaegir_horseman_multiplayer_ai_pl|維 吉 亞 騎 手 
trp_khergit_dismounted_lancer_multiplayer_ai|庫 吉 特 下 馬 槍 騎 兵 
trp_khergit_dismounted_lancer_multiplayer_ai_pl|庫 吉 特 下 馬 槍 騎 兵 
trp_khergit_veteran_horse_archer_multiplayer_ai|庫 吉 特 騎 射 手 
trp_khergit_veteran_horse_archer_multiplayer_ai_pl|庫 吉 特 騎 射 手 
trp_khergit_lancer_multiplayer_ai|庫 吉 特 槍 騎 兵 
trp_khergit_lancer_multiplayer_ai_pl|庫 吉 特 槍 騎 兵 
trp_nord_veteran_multiplayer_ai|諾 德 輕 步 兵 
trp_nord_veteran_multiplayer_ai_pl|諾 德 輕 步 兵 
trp_nord_scout_multiplayer_ai|諾 德 斥 侯 
trp_nord_scout_multiplayer_ai_pl|諾 德 斥 侯 
trp_nord_archer_multiplayer_ai|諾 德 弓 箭 手 
trp_nord_archer_multiplayer_ai_pl|諾 德 弓 箭 手 
trp_rhodok_veteran_crossbowman_multiplayer_ai|羅 多 克 弩 手 
trp_rhodok_veteran_crossbowman_multiplayer_ai_pl|羅 多 克 弩 手 
trp_rhodok_veteran_spearman_multiplayer_ai|羅 多 克 長 矛 手 
trp_rhodok_veteran_spearman_multiplayer_ai_pl|羅 多 克 長 矛 手 
trp_rhodok_scout_multiplayer_ai|羅 多 克 斥 侯 
trp_rhodok_scout_multiplayer_ai_pl|羅 多 克 斥 侯 
trp_sarranid_infantry_multiplayer_ai|薩 蘭 德 步 兵 
trp_sarranid_infantry_multiplayer_ai_pl|薩 蘭 德 步 兵 
trp_sarranid_archer_multiplayer_ai|薩 蘭 德 弓 箭 手 
trp_sarranid_archer_multiplayer_ai_pl|薩 蘭 德 弓 箭 手 
trp_sarranid_horseman_multiplayer_ai|薩 蘭 德 騎 手 
trp_sarranid_horseman_multiplayer_ai_pl|薩 蘭 德 騎 手 
trp_swadian_crossbowman_multiplayer|斯 瓦 迪 亞 弩 手 
trp_swadian_crossbowman_multiplayer_pl|斯 瓦 迪 亞 弩 手 
trp_swadian_infantry_multiplayer|斯 瓦 迪 亞 步 兵 
trp_swadian_infantry_multiplayer_pl|斯 瓦 迪 亞 步 兵 
trp_swadian_man_at_arms_multiplayer|斯 瓦 迪 亞 重 騎 兵 
trp_swadian_man_at_arms_multiplayer_pl|斯 瓦 迪 亞 重 騎 兵 
trp_vaegir_archer_multiplayer|維 吉 亞 弓 箭 手 
trp_vaegir_archer_multiplayer_pl|維 吉 亞 弓 箭 手 
trp_vaegir_spearman_multiplayer|維 吉 亞 長 矛 手 
trp_vaegir_spearman_multiplayer_pl|維 吉 亞 長 矛 手 
trp_vaegir_horseman_multiplayer|維 吉 亞 騎 手 
trp_vaegir_horseman_multiplayer_pl|維 吉 亞 騎 手 
trp_khergit_veteran_horse_archer_multiplayer|庫 吉 特 騎 射 手 
trp_khergit_veteran_horse_archer_multiplayer_pl|庫 吉 特 騎 射 手 
trp_khergit_lancer_multiplayer|庫 吉 特 槍 騎 兵 
trp_khergit_lancer_multiplayer_pl|庫 吉 特 槍 騎 兵 
trp_nord_archer_multiplayer|諾 德 弓 箭 手 
trp_nord_archer_multiplayer_pl|諾 德 弓 箭 手 
trp_nord_veteran_multiplayer|諾 德 皇 家 侍 衛 
trp_nord_veteran_multiplayer_pl|諾 德 皇 家 侍 衛 
trp_nord_scout_multiplayer|諾 德 斥 侯 
trp_nord_scout_multiplayer_pl|諾 德 斥 侯 
trp_rhodok_veteran_crossbowman_multiplayer|羅 多 克 弩 手 
trp_rhodok_veteran_crossbowman_multiplayer_pl|羅 多 克 弩 手 
trp_rhodok_sergeant_multiplayer|羅 多 克 軍 士 
trp_rhodok_sergeant_multiplayer_pl|羅 多 克 軍 士 
trp_rhodok_horseman_multiplayer|羅 多 克 騎 手 
trp_rhodok_horseman_multiplayer_pl|羅 多 克 騎 手 
trp_sarranid_archer_multiplayer|薩 蘭 德 弓 箭 手 
trp_sarranid_archer_multiplayer_pl|薩 蘭 德 弓 箭 手 
trp_sarranid_footman_multiplayer|薩 蘭 德 輕 步 兵 
trp_sarranid_footman_multiplayer_pl|薩 蘭 德 輕 步 兵 
trp_sarranid_mamluke_multiplayer|薩 蘭 德 馬 穆 魯 克 
trp_sarranid_mamluke_multiplayer_pl|薩 蘭 德 馬 穆 魯 克 
trp_nurse|女 僕 
trp_quick_battle_troop_1|羅 得 裡 格． 波 拉 岡 卡 
trp_quick_battle_troop_1_pl|羅 得 裡 格． 波 拉 岡 卡 
trp_quick_battle_troop_2|烏 塞 塔 爾 
trp_quick_battle_troop_2_pl|烏 塞 塔 爾 
trp_quick_battle_troop_3|荷 根 
trp_quick_battle_troop_3_pl|荷 根 
trp_quick_battle_troop_4|肯 拉 德 
trp_quick_battle_troop_4_pl|肯 拉 德 
trp_quick_battle_troop_5|瑟 沃 勒 
trp_quick_battle_troop_5_pl|瑟 沃 勒 
trp_quick_battle_troop_6|波 裡 斯 拉 維 
trp_quick_battle_troop_6_pl|波 裡 斯 拉 維 
trp_quick_battle_troop_7|斯 塔 羅 斯 
trp_quick_battle_troop_7_pl|斯 塔 羅 斯 
trp_quick_battle_troop_8|佳 瑪 拉 
trp_quick_battle_troop_8_pl|佳 瑪 拉 
trp_quick_battle_troop_9|埃 瑟 羅 德 
trp_quick_battle_troop_9_pl|埃 瑟 羅 德 
trp_quick_battle_troop_10|塞 爾 拉 
trp_quick_battle_troop_10_pl|塞 爾 拉 
trp_quick_battle_troop_11|阿 羅 格． 森 德 納 爾 
trp_quick_battle_troop_11_pl|阿 羅 格． 森 德 納 爾 
trp_tutorial_fighter_1|初 級 斗 士 
trp_tutorial_fighter_1_pl|初 級 斗 士 
trp_tutorial_fighter_2|初 級 斗 士 
trp_tutorial_fighter_2_pl|初 級 斗 士 
trp_tutorial_fighter_3|正 規 斗 士 
trp_tutorial_fighter_3_pl|初 級 斗 士 
trp_tutorial_fighter_4|資 深 斗 士 
trp_tutorial_fighter_4_pl|初 級 斗 士 
trp_tutorial_archer_1|弓 箭 手 
trp_tutorial_archer_1_pl|弓 箭 手 
trp_tutorial_master_archer|弓 箭 教 練 
trp_tutorial_master_archer_pl|弓 箭 教 練 
trp_tutorial_rider_1|騎 手 
trp_tutorial_rider_2|騎 射 手 
trp_tutorial_master_horseman|騎 術 教 練 
trp_tutorial_master_horseman_pl|騎 術 教 練 
trp_swadian_merchant|帕 拉 汶 商 人 
trp_vaegir_merchant|日 瓦 丁 商 人 
trp_khergit_merchant|圖 爾 加 商 人 
trp_nord_merchant|薩 哥 斯 商 人 
trp_rhodok_merchant|傑 爾 喀 拉 商 人 
trp_sarranid_merchant|沙 瑞 茲 商 人 
trp_startup_merchants_end|startup merchants end
trp_startup_merchants_end_pl|startup merchants end
trp_sea_raider_leader|海 寇 隊 長 
trp_sea_raider_leader_pl|海 寇 
trp_looter_leader|盜 賊 
trp_looter_leader_pl|劫 匪 
trp_bandit_leaders_end|bandit leaders end
trp_bandit_leaders_end_pl|bandit leaders end
trp_relative_of_merchant|商 人 的 兄 弟 
trp_relative_of_merchants_end|relative of merchants end
trp_relative_of_merchants_end_pl|relative of merchants end
